Player,FantPos,G,GS,FantPt,PPR,DKPt,FDPt,PosRank,year
Christian McCaffrey*+,RB,16,16,355,471.2,477.2,413.2,1,2019
Lamar Jackson*+,QB,15,15,416,415.7,429.7,421.7,1,2019
Derrick Henry *,RB,15,15,277,294.6,303.6,285.6,2,2019
Aaron Jones,RB,16,16,266,314.8,322.8,290.3,3,2019
Ezekiel Elliott*,RB,16,16,258,311.7,319.7,284.7,4,2019
Dalvin Cook*,RB,14,14,239,292.4,300.4,265.9,5,2019
Michael Thomas*+,WR,16,15,226,374.6,377.6,300.1,1,2019
Travis Kelce*,TE,16,16,157,254.3,258.3,205.8,1,2019
Nick Chubb*,RB,16,16,219,255.2,264.2,237.2,6,2019
Austin Ekeler,RB,16,8,217,309,317,263,7,2019
Mark Ingram*,RB,15,15,217,242.5,250.5,229.5,8,2019
Dak Prescott,QB,16,16,338,337.8,356.8,348.8,2,2019
Mark Andrews*,TE,15,4,143,207.2,211.2,175.2,2,2019
Russell Wilson*,QB,16,16,329,328.6,341.6,333.6,3,2019
Chris Godwin*,WR,14,14,190,276.1,279.1,233.1,2,2019
George Kittle*+,TE,14,14,138,222.5,225.5,180,3,2019
Deshaun Watson*,QB,15,15,320,321,342,332.5,4,2019
Chris Carson,RB,15,15,196,232.6,242.6,214.1,9,2019
Darren Waller,TE,16,16,131,221,225,176,4,2019
Kenny Golladay*,WR,16,16,183,248,252,215.5,3,2019
Saquon Barkley,RB,13,13,192,244.1,250.1,218.1,10,2019
Zach Ertz*,TE,15,15,128,215.6,219.6,171.6,5,2019
Joe Mixon,RB,16,15,190,225.4,231.4,207.9,11,2019
Todd Gurley,RB,15,15,188,219.4,227.4,203.9,12,2019
Jared Cook*,TE,14,7,125,167.5,170.5,146,6,2019
Cooper Kupp,WR,16,14,177,270.5,273.5,223.5,4,2019
Julio Jones*,WR,15,15,175,274.1,277.1,224.6,5,2019
DeVante Parker,WR,16,14,174,246.2,249.2,210.2,6,2019
Leonard Fournette,RB,15,15,183,259.4,266.4,221.4,13,2019
Jameis Winston,QB,16,16,305,305.4,346.4,335.4,5,2019
Austin Hooper*,TE,13,10,117,191.7,194.7,154.2,7,2019
Amari Cooper*,WR,16,16,168,246.5,249.5,207,7,2019
Mike Evans*,WR,13,13,166,232.7,235.7,199.2,8,2019
A.J. Brown,WR,16,11,165,217.1,220.1,191.1,9,2019
DeAndre Hopkins*+,WR,15,15,165,268.5,272.5,217.5,10,2019
Josh Jacobs,RB,13,13,172,191.6,198.6,181.6,14,2019
Keenan Allen*,WR,16,16,158,261.5,264.5,209.5,11,2019
Miles Sanders,RB,16,11,169,218.7,225.7,193.7,15,2019
Allen Robinson,WR,16,15,157,254.9,257.9,205.9,12,2019
Julian Edelman,WR,16,13,156,256.3,260.3,206.3,13,2019
Alvin Kamara*,RB,14,9,168,248.5,255.5,208,16,2019
Marlon Mack,RB,14,12,167,181.3,184.3,174.3,17,2019
Jarvis Landry*,WR,16,16,154,237.4,240.4,195.9,14,2019
Josh Allen,QB,16,16,289,288.6,307.6,297.6,6,2019
Tyler Lockett,WR,16,16,153,235.2,238.2,194.2,15,2019
DJ Chark*,WR,15,14,153,225.8,228.8,189.3,16,2019
Kenyan Drake,RB,14,10,164,214.2,221.2,189.2,18,2019
Patrick Mahomes*,QB,14,14,287,287,300,292,7,2019
Phillip Lindsay,RB,16,16,163,197.7,203.7,180.2,19,2019
Kyler Murray,QB,16,16,285,285.3,305.3,297.3,8,2019
Courtland Sutton*,WR,16,14,150,222.4,225.4,186.4,17,2019
Stefon Diggs,WR,15,15,149,212.1,218.1,180.6,18,2019
John Brown,WR,15,15,148,219.8,222.8,183.8,19,2019
Hunter Henry,TE,12,12,95,150.2,154.2,122.7,8,2019
Michael Gallup,WR,14,12,147,212.7,215.7,179.7,20,2019
Aaron Rodgers*,QB,16,16,278,278.4,292.4,282.4,9,2019
Tyler Higbee,TE,15,15,91,160.4,163.4,125.9,9,2019
D.J. Moore,WR,15,15,144,230.5,234.5,187,21,2019
Robert Woods,WR,15,15,143,232.9,238.9,187.9,22,2019
Carson Wentz,QB,16,16,276,275.9,295.9,282.9,10,2019
Raheem Mostert,RB,16,0,151,165.2,173.2,158.2,20,2019
Dallas Goedert,TE,15,9,87,144.7,149.7,115.7,10,2019
Le'Veon Bell,RB,15,15,149,215,222,182,21,2019
Mike Gesicki,TE,16,5,85,136,140,110.5,11,2019
Calvin Ridley,WR,13,10,134,197,200,165.5,23,2019
Terry McLaurin,WR,14,14,134,191.9,194.9,162.9,24,2019
David Montgomery,RB,16,8,145,170.4,178.4,157.9,22,2019
Tyler Boyd,WR,16,15,133,222.9,227.9,177.9,25,2019
Matt Ryan,QB,15,15,267,267.3,292.3,281.3,11,2019
Deebo Samuel,WR,15,11,132,189.1,196.1,160.6,26,2019
Marvin Jones,WR,13,11,132,193.9,196.9,162.9,27,2019
Carlos Hyde,RB,16,14,143,153.2,158.2,148.2,23,2019
Tyreek Hill*,WR,12,12,130,188.3,191.3,159.3,28,2019
Davante Adams*,WR,12,12,130,212.7,216.7,171.2,29,2019
Michael Burton,,10,2,,,,,1,2019
Jamize Olawale,,16,5,,,,,2,2019
D.K. Metcalf,WR,16,15,129,187.1,193.1,158.1,30,2019
Sony Michel,RB,16,14,141,152.6,156.6,146.6,24,2019
Tom Brady,QB,16,16,264,263.7,275.7,271.7,12,2019
Jared Goff,QB,16,16,248,247.5,271.5,263.5,13,2019
Jimmy Garoppolo,QB,16,16,247,247.3,268.3,260.3,14,2019
Derek Carr,QB,16,16,244,244.4,258.4,252.4,16,2019
Kirk Cousins*,QB,15,15,244,244.4,256.4,250.4,15,2019
Ryan Fitzpatrick,QB,15,13,241,241.5,262.5,254.5,17,2019
Philip Rivers,QB,16,16,236,235.5,261.5,255.5,18,2019
Baker Mayfield,QB,16,16,229,229.2,258.2,250.2,20,2019
Gardner Minshew II,QB,14,12,229,229.2,248.2,235.2,19,2019
Drew Brees*,QB,11,11,225,224.8,231.8,228.8,21,2019
Ryan Tannehill*,QB,12,10,224,224.2,239.2,230.2,22,2019
Jacoby Brissett,QB,15,15,217,217.7,234.7,223.2,23,2019
Daniel Jones,QB,13,12,215,215,244,227,24,2019
Andy Dalton,QB,13,13,203,203.7,224.7,217.2,26,2019
Mitchell Trubisky,QB,15,15,203,202.8,220.8,212.8,25,2019
Sam Darnold,QB,13,13,189,189.2,208.2,202.2,27,2019
Kyle Allen,QB,13,12,177,177.5,206.5,193.5,28,2019
Matthew Stafford,QB,8,8,167,166.6,177.6,171.6,29,2019
Devonta Freeman,RB,14,14,139,197.6,205.6,168.1,26,2019
Melvin Gordon,RB,12,11,139,180.8,189.8,159.8,25,2019
Ronald Jones II,RB,16,9,135,166.3,174.3,150.8,27,2019
Adrian Peterson,RB,15,15,130,147,155,138.5,28,2019
James White,RB,15,1,128,200.2,207.2,164.2,29,2019
Odell Beckham Jr.,WR,16,15,127,201.3,205.3,164.3,31,2019
Emmanuel Sanders,WR,17,16,124,190.3,193.3,157.3,32,2019
Latavius Murray,RB,16,8,123,157.2,163.2,140.2,30,2019
Darius Slayton,WR,14,9,122,170,173,146,33,2019
Jamison Crowder,WR,16,12,120,197.7,200.7,158.7,34,2019
Devin Singletary,RB,12,8,119,147.9,154.9,133.4,31,2019
Cole Beasley,WR,15,10,118,184.8,187.8,151.3,35,2019
Curtis Samuel,WR,16,15,118,171.7,177.7,144.7,36,2019
Tevin Coleman,RB,14,11,114,135.4,141.4,124.9,32,2019
James Conner,RB,10,10,112,145.5,152.5,128.5,33,2019
Mike Williams,WR,15,15,112,161.3,164.3,136.8,37,2019
Damien Williams,RB,11,6,111,141.1,148.1,126.1,34,2019
Robby Anderson,WR,16,15,110,162.3,165.3,136.3,38,2019
Chris Conley,WR,16,14,110,156.5,159.5,133,39,2019
Duke Johnson,RB,16,2,110,154,161,132,35,2019
Mason Rudolph,QB,10,8,109,108.8,120.8,117.8,30,2019
Jamaal Williams,RB,14,2,107,146.3,152.3,126.8,36,2019
David Johnson,RB,13,9,106,141.5,148.5,123.5,37,2019
Diontae Johnson,WR,16,12,104,163.1,168.1,133.6,40,2019
Case Keenum,QB,10,8,103,103.5,114.5,108.5,31,2019
Golden Tate,WR,11,10,103,152.2,156.2,127.7,41,2019
Larry Fitzgerald,WR,16,16,102,177.4,181.4,139.9,42,2019
Breshad Perriman,WR,14,4,102,138.1,141.1,120.1,43,2019
Peyton Barber,RB,16,7,101,116.5,123.5,108.5,39,2019
Jordan Howard,RB,10,4,101,111.4,114.4,106.4,38,2019
Tyrell Williams,WR,14,12,101,143.1,146.1,122.1,44,2019
Marquise Brown,WR,14,11,100,146.4,149.4,123.4,45,2019
Randall Cobb,WR,15,6,100,154.9,158.9,127.4,47,2019
Christian Kirk,WR,13,13,100,168.2,171.2,134.2,46,2019
Royce Freeman,RB,16,0,99,142.2,148.2,120.7,40,2019
Mecole Hardman*,WR,16,5,94,119.5,124.5,106.5,49,2019
Zach Pascal,WR,16,13,94,135.3,138.3,114.8,48,2019
LeSean McCoy,RB,13,9,91,118.6,126.6,104.6,41,2019
Dede Westbrook,WR,15,11,91,156.7,159.7,123.7,50,2019
Teddy Bridgewater,QB,9,5,90,90.5,95.5,92.5,32,2019
James Washington,WR,15,10,90,133.5,137.5,111.5,51,2019
Sammy Watkins,WR,14,13,87,138.5,142.5,112.5,52,2019
Gus Edwards,RB,16,1,86,92.6,96.6,89.1,43,2019
DeAndre Washington,RB,16,3,86,121.9,127.9,103.9,42,2019
Tarik Cohen,RB,16,11,85,163.9,169.9,124.4,44,2019
Joe Flacco,QB,8,8,85,84.9,95.9,89.9,34,2019
Will Fuller,WR,11,11,85,134,137,109.5,53,2019
Marcus Mariota,QB,7,6,85,85,93,87,33,2019
Hunter Renfrow,WR,13,4,85,133.5,136.5,109,55,2019
Sterling Shepard,WR,10,10,85,141.8,144.8,113.3,54,2019
Matt Breida,RB,13,5,84,103.3,110.3,93.8,45,2019
Adam Thielen,WR,10,10,84,114.4,117.4,99.4,56,2019
Taysom Hill,QB,16,5,83,102.2,108.2,92.7,35,2019
Frank Gore,RB,16,8,82,94.9,100.9,88.4,46,2019
T.Y. Hilton,WR,10,10,80,125.1,128.1,102.6,57,2019
Kenny Stills,WR,13,5,80,120.1,123.1,100.1,58,2019
Danny Amendola,WR,15,10,79,140.6,143.6,109.6,60,2019
Alshon Jeffery,WR,10,10,79,122.2,125.2,100.7,59,2019
Dwayne Haskins,QB,9,7,77,76.7,91.7,83.7,36,2019
Jason Witten,TE,16,16,77,139.9,143.9,108.4,12,2019
Brandin Cooks,WR,14,14,76,117.5,120.5,96.5,61,2019
Darren Fells,TE,16,14,76,110.1,113.1,93.1,13,2019
Anthony Miller,WR,16,7,76,127.5,131.5,101.5,62,2019
Steven Sims,WR,16,2,76,109.5,112.5,92.5,63,2019
Kerryon Johnson,RB,8,7,75,85,92,80,47,2019
Kyle Rudolph,TE,16,16,75,113.7,116.7,94.2,14,2019
Rex Burkhead,RB,13,1,74,101.1,108.1,87.6,49,2019
Nyheim Hines,RB,16,2,74,117.9,124.9,95.9,50,2019
Tony Pollard,RB,15,0,74,89.2,96.2,81.7,48,2019
Boston Scott,RB,11,2,73,96.9,103.9,84.9,51,2019
Corey Davis,WR,15,11,72,115.1,118.1,93.6,64,2019
Phillip Dorsett,WR,14,4,72,100.8,103.8,86.3,65,2019
Greg Olsen,TE,14,14,72,123.7,126.7,97.7,15,2019
Chase Edmonds,RB,13,2,71,82.8,88.8,76.8,52,2019
Noah Fant,TE,16,11,71,111,115,91,16,2019
JuJu Smith-Schuster,WR,12,12,71,113.2,117.2,92.2,66,2019
Jonnu Smith,TE,16,14,70,104.7,107.7,87.2,17,2019
Jack Doyle*,TE,16,16,69,111.8,114.8,90.3,18,2019
Demarcus Robinson,WR,16,10,69,100.9,103.9,84.9,67,2019
Kendrick Bourne,WR,16,0,68,97.8,100.8,82.8,68,2019
Allen Lazard,WR,16,3,68,102.8,105.8,85.3,69,2019
Drew Lock,QB,5,5,68,68,75,71,37,2019
Rashaad Penny,RB,10,0,67,75.3,79.3,71.3,53,2019
John Ross,WR,8,8,67,95,99,81,70,2019
Evan Engram,TE,8,6,65,109.4,112.4,87.4,19,2019
Mohamed Sanu,WR,15,12,65,124.1,127.1,94.6,71,2019
Tyler Eifert,TE,16,4,64,106.6,109.6,85.1,21,2019
Ryan Griffin,TE,13,13,64,98,101,81,20,2019
Kareem Hunt,RB,8,3,64,101.4,107.4,82.9,54,2019
Willie Snead,WR,16,11,64,95.1,98.1,79.6,72,2019
Jimmy Graham,TE,16,10,63,100.7,103.7,81.7,22,2019
Auden Tate,WR,12,10,62,101.5,105.5,81.5,73,2019
Taylor Gabriel,WR,9,7,61,90.3,93.3,75.8,74,2019
Preston Williams,WR,8,7,59,90.8,94.8,74.8,75,2019
Alexander Mattison,RB,13,0,58,68.4,72.4,63.4,55,2019
Marquez Valdes-Scantling,WR,16,10,58,84.1,87.1,71.1,76,2019
Malcolm Brown,RB,14,1,57,59.1,62.1,58.1,58,2019
Jeff Driskel,QB,3,3,57,58.1,68.1,61.6,38,2019
Brian Hill,RB,12,2,57,67.2,70.2,62.2,57,2019
Jaylen Samuels,RB,14,4,57,104.4,112.4,81.9,56,2019
Tajae Sharpe,WR,15,6,57,81.9,84.9,69.4,77,2019
Eric Ebron,TE,11,2,56,86.5,89.5,71,23,2019
Ted Ginn Jr.,WR,16,9,56,85.9,88.9,70.9,78,2019
Nelson Agholor,WR,11,10,55,94,98,74.5,79,2019
Cameron Brate,TE,16,6,55,91.1,94.1,73.1,24,2019
Keelan Cole,WR,16,1,55,78.7,81.7,66.7,80,2019
Blake Jarwin,TE,16,7,55,85.5,88.5,70,25,2019
Benny Snell Jr.,RB,13,2,55,57.9,61.9,56.4,59,2019
Jordan Akins,TE,16,9,54,89.8,92.8,71.8,26,2019
David Blough,QB,5,5,54,55.4,64.4,60.9,40,2019
Eli Manning,QB,4,4,54,54.4,63.4,59.4,39,2019
Alex Erickson,WR,16,6,53,96.2,101.2,74.7,82,2019
Gerald Everett,TE,13,2,53,89.8,92.8,71.3,28,2019
Jacob Hollister,TE,11,3,53,93.9,96.9,73.4,27,2019
Tre'Quan Smith,WR,11,6,53,71.4,74.4,62.4,81,2019
Darrel Williams,RB,12,0,53,67.8,74.8,60.3,60,2019
Allen Hurns,WR,14,7,52,83.6,87.6,67.6,83,2019
Dawson Knox,TE,15,11,52,79.7,82.7,65.7,29,2019
Chris Thompson,RB,11,0,52,93.6,99.6,72.6,61,2019
Will Dissly,TE,6,6,51,73.9,76.9,62.4,30,2019
Devlin Hodges,QB,8,6,51,51.3,63.3,59.3,41,2019
Russell Gage,WR,16,4,50,98.8,102.8,74.3,84,2019
Derrius Guice,RB,5,1,50,57.4,60.4,53.9,62,2019
O.J. Howard,TE,14,14,50,83.9,87.9,66.9,31,2019
Adam Humphries,WR,12,3,50,86.5,89.5,68,85,2019
J.D. McKissic,RB,16,3,50,83.8,89.8,66.8,63,2019
T.J. Hockenson,TE,12,7,49,80.7,83.7,64.7,32,2019
Demaryius Thomas,WR,11,10,49,85.3,88.3,67.3,86,2019
Olabisi Johnson,WR,16,6,48,79,82,63.5,87,2019
Mike Boone,RB,16,2,47,50,53,48.5,64,2019
Josh Gordon,WR,11,7,47,73.7,77.7,61.2,88,2019
Hayden Hurst,TE,16,4,47,76.9,79.9,61.9,34,2019
Foster Moreau,TE,13,7,47,68.4,71.4,57.9,33,2019
Jalen Richard,RB,16,0,47,82.8,88.8,64.8,66,2019
Jordan Wilkins,RB,14,1,47,54,57,50.5,65,2019
Vance McDonald,TE,14,14,46,83.5,86.5,64.5,35,2019
Albert Wilson,WR,13,4,46,89.4,92.4,67.9,89,2019
Patrick Laird,RB,15,4,45,68.2,74.2,56.7,67,2019
Ricky Seals-Jones,TE,14,3,45,58.9,62.9,51.9,36,2019
Kaden Smith,TE,9,6,45,75.8,78.8,60.3,37,2019
Nick Boyle,TE,16,15,44,75.1,78.1,59.6,38,2019
Jeff Wilson,RB,10,0,44,46.9,49.9,45.4,68,2019
David Moore,WR,14,1,43,59.6,63.6,51.1,90,2019
Irv Smith Jr.,TE,16,7,43,79.1,82.1,61.1,39,2019
Brandon Bolden,RB,15,2,42,50.9,53.9,46.4,70,2019
Justice Hill,RB,16,0,42,49.5,52.5,45.5,71,2019
Cody Latimer,WR,15,10,42,66,69,54,91,2019
Matt Moore,QB,6,2,42,42.3,45.3,42.3,42,2019
Bo Scarbrough,RB,6,5,42,43.2,47.2,42.7,69,2019
Geronimo Allison,WR,16,6,41,75.4,79.4,58.4,92,2019
Josh Hill,TE,16,11,41,65.6,68.6,53.1,40,2019
Dion Lewis,RB,16,1,41,66.3,73.3,53.8,72,2019
Josh Reynolds,WR,16,2,41,61.9,64.9,51.4,93,2019
Damiere Byrd,WR,11,3,40,71.9,75.9,55.9,94,2019
Marcus Johnson,WR,8,6,40,56.7,59.7,48.2,95,2019
Dare Ogunbowale,RB,16,0,40,75.3,79.3,57.8,73,2019
Seth Roberts,WR,16,0,39,60.1,63.1,49.6,96,2019
Kalen Ballage,RB,12,6,38,51.8,54.8,44.8,75,2019
Giovani Bernard,RB,16,2,38,68.4,75.4,53.4,74,2019
Miles Boykin,WR,16,11,38,50.8,53.8,44.3,97,2019
Nick Foles,QB,4,4,38,37.7,44.7,39.7,43,2019
Ryquell Armstead,RB,16,1,37,51.2,57.2,44.2,76,2019
Wayne Gallman,RB,10,2,37,48.2,55.2,42.7,77,2019
Kelvin Harmon,WR,16,8,37,66.9,69.9,51.9,98,2019
Paul Richardson,WR,10,6,37,64.5,67.5,50.5,99,2019
DaeSean Hamilton,WR,16,2,36,63.7,66.7,49.7,102,2019
Ty Johnson,RB,16,1,36,60.2,67.2,48.2,78,2019
Isaiah McKenzie,WR,15,8,36,63.3,66.3,49.8,100,2019
Jakobi Meyers,WR,15,1,36,61.9,64.9,48.9,101,2019
C.J. Uzomah,TE,16,16,36,63.2,66.2,49.7,41,2019
Demetrius Harris,TE,15,6,35,49.9,52.9,42.4,42,2019
Jonathan Williams,RB,9,1,35,40.4,43.4,37.9,79,2019
Tavon Austin,WR,14,0,34,47.4,50.4,40.9,103,2019
Delanie Walker,TE,7,4,34,54.5,57.5,44,43,2019
Brandon Allen,QB,3,3,33,32.5,37.5,34.5,45,2019
Marvin Hall,WR,9,0,33,39.8,42.8,36.3,104,2019
Matt Schaub,QB,6,1,33,32.9,37.9,33.9,44,2019
Jaron Brown,WR,14,4,32,48,52,40,105,2019
Vyncint Smith,WR,13,4,32,48.7,52.7,40.2,107,2019
Greg Ward,WR,7,3,32,59.9,62.9,45.9,106,2019
Pharoh Cooper,WR,13,1,31,55.5,58.5,43,109,2019
Keke Coutee,WR,9,4,31,52.8,56.8,41.8,108,2019
Kyle Juszczyk*,RB,12,12,31,50.6,53.6,40.6,80,2019
Malik Turner,WR,15,3,31,45.5,48.5,38,110,2019
Charles Clay,TE,15,10,30,47.7,50.7,38.7,45,2019
Qadree Ollison,RB,8,0,30,30.7,30.7,30.2,81,2019
Chester Rogers,WR,12,6,30,45.7,49.7,37.7,111,2019
Jeremy Sprinkle,TE,16,13,30,56.1,59.1,43.1,44,2019
Jarius Wright,WR,16,9,29,56.9,59.9,42.9,112,2019
DeSean Jackson,WR,3,3,28,36.9,39.9,32.4,113,2019
Jake Kumerow,WR,14,4,28,39.9,42.9,33.9,114,2019
Scott Miller,WR,10,2,28,40.6,43.6,34.1,116,2019
Justin Watson,WR,16,2,28,42.9,45.9,35.4,115,2019
Jakeem Grant,WR,10,2,27,45.9,49.9,36.4,118,2019
N'Keal Harry,WR,7,5,27,39.4,42.4,33.4,117,2019
James O'Shaughnessy,TE,5,5,27,41.3,44.3,34.3,46,2019
Mark Walton,RB,7,4,27,42,46,34.5,82,2019
Chase Daniel,QB,3,1,26,26,31,28,46,2019
Anthony Firkser,TE,15,1,26,40.4,43.4,33.4,47,2019
Isaiah Ford,WR,8,0,26,48.5,51.5,37,123,2019
Marquise Goodwin,WR,9,6,26,38.1,41.1,32.1,120,2019
Dontrell Hilliard,RB,14,0,26,38.1,38.1,32.1,84,2019
Andy Isabella,WR,15,1,26,35.4,38.4,30.9,119,2019
Bilal Powell,RB,13,1,26,33.2,36.2,29.7,83,2019
Trey Quinn,WR,12,6,26,51.8,55.8,38.8,122,2019
Damion Ratley,WR,13,3,26,38,41,32,121,2019
Maxx Williams,TE,16,10,26,41.2,44.2,33.7,48,2019
Dan Arnold,TE,5,1,25,32.7,35.7,28.7,49,2019
Ryan Finley,QB,3,3,25,24.7,32.7,26.7,47,2019
KeeSean Johnson,WR,10,4,25,46,50,35.5,124,2019
Cordarrelle Patterson*+,WR,16,4,25,35.6,38.6,30.1,125,2019
Ito Smith,RB,7,0,25,36.3,39.3,30.8,85,2019
Javon Wims,WR,16,6,25,42.6,45.6,33.6,126,2019
Ameer Abdullah,RB,16,0,24,39.3,43.3,31.8,87,2019
Myles Gaskin,RB,7,0,24,31.4,34.4,27.9,86,2019
Dante Pettis,WR,11,4,24,34.5,37.5,29,128,2019
Laquon Treadwell,WR,13,1,24,33.4,36.4,28.9,127,2019
Olamide Zaccheaus,WR,10,0,24,26.5,29.5,25,129,2019
JJ Arcega-Whiteside,WR,16,5,23,32.9,35.9,27.9,132,2019
Reggie Bonnafon,RB,16,0,23,29.3,32.3,26.3,88,2019
Rhett Ellison,TE,10,7,23,40.7,43.7,31.7,51,2019
Bennie Fowler,WR,8,2,23,46.3,49.3,34.8,130,2019
Byron Pringle,WR,16,0,23,35,38,29,131,2019
Darwin Thompson,RB,12,0,23,32.1,35.1,27.6,89,2019
Logan Thomas,TE,16,3,23,39.3,42.3,31.3,50,2019
Duke Williams,WR,4,3,23,34.6,37.6,28.6,133,2019
Justin Jackson,RB,7,0,22,31.2,34.2,26.7,90,2019
Zay Jones,WR,15,9,22,48.9,51.9,35.4,134,2019
Marcedes Lewis,TE,16,11,22,36.6,39.6,29.1,52,2019
Tim Patrick,WR,8,2,22,37.8,40.8,29.8,135,2019
Ross Dwelley,TE,16,6,21,36.1,36.1,28.6,53,2019
Jaeden Graham,TE,16,0,21,29.9,32.9,25.4,54,2019
C.J. Ham*,RB,16,7,21,37.6,41.6,29.1,91,2019
Brian Hoyer,QB,4,1,21,21.1,29.1,25.1,48,2019
Kalif Raymond,WR,8,1,21,29.5,33.5,25,136,2019
Parris Campbell,WR,7,3,20,38.1,42.1,29.1,139,2019
Derek Carrier,TE,16,4,20,32.5,35.5,26,56,2019
Trevor Davis,WR,14,4,20,28.4,33.4,24.4,137,2019
Justin Hardy,WR,16,1,20,38.5,41.5,29,140,2019
Richie James,WR,16,1,20,26.4,30.4,23.4,138,2019
Ian Thomas,TE,16,3,20,35.6,38.6,27.6,55,2019
Matt LaCosse,TE,11,8,19,32.1,35.1,25.6,57,2019
Ty Montgomery,RB,16,2,19,32.3,35.3,25.8,92,2019
C.J. Prosise,RB,9,0,19,28.8,29.8,23.8,93,2019
Vernon Davis,TE,4,1,18,28.3,31.3,23.3,58,2019
Darrell Henderson,RB,13,0,18,22.4,25.4,20.4,94,2019
Dontrelle Inman,WR,7,1,18,30.1,33.1,24.1,141,2019
Josh Rosen,QB,6,3,18,18,26,23,49,2019
Jeff Heuerman,TE,14,11,17,31.4,34.4,24.4,59,2019
Travis Homer,RB,16,1,17,28,31,22.5,95,2019
Ryan Izzo,TE,6,4,17,23.4,26.4,20.4,60,2019
A.J. McCarron,QB,2,1,17,16.9,17.9,17.9,50,2019
Cam Newton,QB,2,2,17,16.7,22.7,17.7,51,2019
Nick O'Leary,TE,12,5,17,29.9,32.9,23.4,62,2019
Devin Smith,WR,4,2,17,22.3,25.3,19.8,142,2019
Nick Vannett,TE,16,7,17,33.6,36.6,25.1,63,2019
Ben Watson,TE,10,8,17,34.3,37.3,25.8,61,2019
T.J. Yeldon,RB,6,0,17,29.7,33.7,23.2,96,2019
Andrew Beck,TE,16,6,16,24.5,24.5,20,66,2019
Robert Griffin III,QB,7,1,16,16,18,18,52,2019
Hale Hentges,TE,11,4,16,24.3,27.3,20.3,64,2019
Robert Tonyan,TE,11,1,16,26,29,21,65,2019
Joshua Perkins,TE,5,0,15,23.7,23.7,19.2,68,2019
MyCole Pruitt,TE,16,10,15,21,21,18,67,2019
Wendell Smallwood,RB,15,0,15,23.5,23.5,19,97,2019
DeAndre Carter,WR,16,3,14,25.2,29.2,19.7,143,2019
Seth Devalve,TE,12,6,14,26,29,20,70,2019
Trey Edmunds,RB,11,0,14,20,20,17,99,2019
Virgil Green,TE,15,4,14,22.8,22.8,18.3,71,2019
Wes Hills,RB,1,1,14,16.2,16.2,15.2,98,2019
Jesse James,TE,16,11,14,30.2,33.2,22.2,69,2019
Daniel Brown,WR,16,5,13,20.2,20.2,16.7,145,2019
Keelan Doss,WR,8,2,13,24.3,27.3,18.8,144,2019
Rico Gafford,WR,4,1,13,14.6,14.6,13.6,146,2019
Mack Hollins,WR,16,3,13,22.5,25.5,17.5,147,2019
Jesper Horsted,TE,6,1,13,20.7,21.7,16.7,73,2019
Tyler Kroft,TE,11,3,13,19.1,19.1,16.1,72,2019
Ben Roethlisberger,QB,2,2,13,12.7,16.7,13.7,53,2019
Kerrith Whyte Jr,RB,6,0,13,14.1,17.1,13.6,100,2019
Ben Braunecker,TE,11,3,12,17.9,17.9,14.9,74,2019
Antonio Brown,WR,1,0,12,16.1,16.1,14.1,149,2019
Deon Cain,WR,13,6,12,21.4,24.4,16.9,148,2019
Rashard Higgins,WR,10,1,12,15.5,15.5,13.5,150,2019
Alec Ingold,RB,16,4,12,18.1,18.1,15.1,101,2019
Jamal Agnew,WR,13,0,11,11.7,12.7,11.2,151,2019
Javorius Allen,RB,10,0,11,11.5,11.5,11,104,2019
Stephen Carlson,TE,9,5,11,16.1,16.1,13.6,76,2019
Patrick Ricard*,RB,16,7,11,18.7,18.7,14.7,103,2019
Darren Sproles,RB,6,1,11,17,17,14,102,2019
Tommy Sweeney,TE,6,1,11,19.4,22.4,15.4,75,2019
Brandon Zylstra,WR,8,0,11,18.6,21.6,14.6,152,2019
Marcell Ateman,WR,11,0,10,14.6,18.6,12.1,154,2019
Braxton Berrios,WR,16,0,10,15.5,19.5,12.5,156,2019
Troy Fumagalli,TE,11,5,10,15.8,15.8,12.8,78,2019
Deonte Harris*+,WR,14,1,10,15.5,16.5,12.5,157,2019
Andy Janovich,RB,7,3,10,15.3,15.3,12.8,105,2019
T.J. Jones,WR,3,0,10,12.8,12.8,11.3,153,2019
JJ Nelson,WR,2,1,10,13.6,13.6,11.6,155,2019
David Njoku,TE,4,1,10,15.1,15.1,12.6,77,2019
Danny Vitale,RB,15,4,10,17,17,13.5,107,2019
Derek Watt,RB,16,2,10,13.2,13.2,11.7,106,2019
Mo Alie-Cox,TE,16,2,9,17.3,17.3,13.3,79,2019
Kenjon Barner,RB,14,0,9,15.1,16.1,12.1,110,2019
Christian Blake,WR,9,3,9,20.1,20.1,14.6,159,2019
Antonio Callaway,WR,4,2,9,16.9,16.9,12.9,161,2019
Luke Falk,QB,3,2,9,8.6,15.6,11.6,54,2019
Robert Foster,WR,13,2,9,12.3,12.3,10.8,158,2019
J.P. Holtz,TE,15,7,9,16.1,16.1,12.6,80,2019
D'Ernest Johnson,RB,16,0,9,15.2,15.2,12.2,109,2019
Marshawn Lynch,RB,1,0,9,9.4,9.4,9.4,108,2019
Lee Smith,WR,16,5,9,13.1,13.1,11.1,160,2019
Alex Armah,RB,16,1,8,9.7,9.7,8.7,112,2019
Nick Bellore,RB,14,1,8,10.3,10.3,9.3,111,2019
Ventell Bryant,WR,12,0,8,8.5,8.5,8,165,2019
Trey Burton,TE,8,5,8,22.4,22.4,15.4,81,2019
KhaDarel Hodge,WR,16,1,8,11.6,11.6,9.6,164,2019
Trent Sherfield,WR,16,1,8,12,12,10,163,2019
Damion Willis,WR,10,2,8,17.2,17.2,12.7,162,2019
Luke Willson,TE,8,7,8,15.9,15.9,11.9,82,2019
Chad Beebe,WR,3,0,7,9,9,8,166,2019
Blake Bell,TE,15,7,7,14.7,14.7,10.7,84,2019
Devontae Booker,RB,16,0,7,12.6,12.6,9.6,116,2019
Tra Carson,RB,3,1,7,10.6,10.6,8.6,117,2019
Cethan Carter,TE,15,0,7,9.3,9.3,8.3,83,2019
Chris Hogan,WR,7,1,7,14.7,14.7,10.7,168,2019
Troymaine Pope,RB,14,0,7,9.4,10.4,8.4,113,2019
Riley Ridley,WR,5,0,7,12.9,12.9,9.9,167,2019
Adam Shaheen,RB,8,2,7,16.4,17.4,11.9,114,2019
Durham Smythe,TE,16,14,7,13.5,13.5,10,85,2019
Geoff Swaim,TE,6,2,7,19.5,19.5,13,86,2019
Spencer Ware,RB,3,1,7,12.3,12.3,9.8,115,2019
Dwayne Washington,RB,16,0,7,7.6,7.6,7.1,118,2019
Matt Barkley,QB,2,0,6,6,13,9,57,2019
Tyler Conklin,TE,15,1,6,13.8,13.8,9.8,88,2019
Brett Hundley,QB,3,0,6,6.1,6.1,6.1,55,2019
Tevin Jones,WR,5,0,6,10.1,10.1,8.1,169,2019
Chris Lacy,WR,7,2,6,9,9,7.5,170,2019
Zach Line,RB,12,2,6,11.6,11.6,8.6,119,2019
Andre Patton,WR,13,5,6,11.6,11.6,8.6,171,2019
Tyrod Taylor,QB,8,0,6,6,6,6,56,2019
Clive Walford,TE,7,3,6,10.1,10.1,8.1,87,2019
Khari Blasingame,RB,6,3,5,9.4,9.4,7.4,120,2019
Deontay Burnett,WR,1,1,5,6.8,6.8,5.8,173,2019
Mike Davis,RB,12,1,5,11.9,11.9,8.4,123,2019
Patrick DiMarco,RB,16,4,5,9.8,9.8,7.3,125,2019
Jon Hilliman,RB,3,1,5,8.2,10.2,6.7,121,2019
Alexander Hollins,WR,5,1,5,6.6,6.6,5.6,174,2019
Taiwan Jones,RB,11,0,5,5.9,5.9,5.4,124,2019
Lance Kendricks,TE,12,1,5,8,8,6.5,90,2019
Devine Ozigbo,RB,10,0,5,8,8,6.5,122,2019
Elijhaa Penny,RB,16,1,5,6.8,6.8,5.8,126,2019
Luke Stocker,TE,15,9,5,13.3,13.3,9.3,89,2019
Trevon Wesco,TE,16,1,5,6.9,6.9,5.9,92,2019
DeAndrew White,WR,10,0,5,9.1,9.1,7.1,172,2019
Cedrick Wilson Jr.,WR,6,0,5,9.6,9.6,7.1,175,2019
Deon Yelder,TE,9,1,5,8,8,6.5,91,2019
C.J. Anderson,RB,2,0,4,4.3,4.3,4.3,127,2019
Geremy Davis,WR,7,1,4,6.8,6.8,5.3,177,2019
Mike Glennon,QB,2,0,4,4.2,5.2,4.2,59,2019
Colt McCoy,QB,1,1,4,4.3,5.3,5.3,58,2019
Steven Mitchell,WR,3,1,4,5.7,5.7,4.7,178,2019
Jason Moore,WR,10,0,4,6.3,6.3,5.3,176,2019
Paul Perkins,RB,4,0,4,4.8,4.8,4.3,128,2019
Jay Ajayi,RB,3,0,3,3,3,3,130,2019
Travis Benjamin,WR,5,2,3,9,9,6,183,2019
C.J. Board,WR,4,0,3,5.1,5.1,4.1,182,2019
Pharaoh Brown,TE,9,6,3,4.7,4.7,3.7,95,2019
Cody Core,WR,16,0,3,5.8,5.8,4.3,186,2019
Dalyn Dawkins,RB,2,0,3,2.6,2.6,2.6,131,2019
Devin Funchess,WR,1,1,3,6.2,6.2,4.7,181,2019
Johnny Holton,WR,16,3,3,6,6,4.5,184,2019
Tanner Hudson,TE,9,1,3,4.6,4.6,3.6,96,2019
Ishmael Hyman,WR,2,1,3,5.4,5.4,4.4,179,2019
Jordan Matthews,WR,3,1,3,7.3,7.3,5.3,180,2019
Codey McElroy,WR,1,0,3,4,4,3.5,185,2019
Johnny Mundt,TE,13,2,3,6.6,6.6,4.6,97,2019
Andre Roberts*,WR,13,0,3,5.7,5.7,4.2,187,2019
Drew Sample,TE,9,2,3,8,8,5.5,94,2019
Da'Mari Scott,WR,5,2,3,4.7,4.7,3.7,188,2019
Russell Shepard,WR,3,0,3,5.5,5.5,4,191,2019
Anthony Sherman,RB,16,0,3,5.1,5.1,4.1,129,2019
Cam Sims,WR,7,1,3,4.7,4.7,3.7,189,2019
Ryan Switzer,WR,9,0,3,10.7,10.7,6.7,190,2019
Ross Travis,TE,3,1,3,7.1,8.1,5.1,93,2019
Nick Bawden,RB,10,2,2,5.7,5.7,3.7,135,2019
Josh Bellamy,WR,7,0,2,4,4,3,195,2019
Fred Brown,WR,13,1,2,4.1,4.1,3.1,193,2019
Michael Crabtree,WR,2,1,2,6.2,6.2,4.2,192,2019
Rashard Davis,WR,1,0,2,2.6,2.6,2.1,203,2019
Robert Davis,WR,6,3,2,3.7,3.7,2.7,199,2019
Ashton Dulin,WR,13,0,2,3.7,3.7,2.7,200,2019
Tyler Ervin,RB,10,0,2,4.1,4.1,3.1,133,2019
Darius Jennings,WR,8,0,2,3.7,3.7,2.7,201,2019
Marqise Lee,WR,6,1,2,4.9,4.9,3.4,196,2019
T.J. Logan,RB,12,0,2,4.3,4.3,3.3,132,2019
Donte Moncrief,WR,8,2,2,5.8,5.8,3.8,197,2019
Chris Moore,WR,14,1,2,5.1,5.1,3.6,194,2019
Stanley Morgan Jr.,WR,11,0,2,4.8,4.8,3.3,198,2019
Josh Oliver,TE,4,1,2,4.5,4.5,3,99,2019
Samaje Perine,RB,7,0,2,1.6,1.6,1.6,137,2019
Eric Saubert,TE,2,0,2,4.1,4.1,3.1,98,2019
Keith Smith,RB,16,5,2,3.1,3.1,2.6,134,2019
Diontae Spencer,WR,16,2,2,7.7,8.7,4.7,202,2019
Bobo Wilson,WR,6,1,2,4.5,5.5,3,204,2019
Zach Zenner,RB,5,0,2,3.7,3.7,2.7,136,2019
Josh Adams,RB,3,0,1,1.2,1.2,1.2,138,2019
Antony Auclair,TE,8,5,1,2.1,2.1,1.6,102,2019
Tony Brooks-James,RB,3,0,1,0.7,0.7,0.7,147,2019
Austin Carr,WR,6,3,1,1.9,1.9,1.4,212,2019
Sean Culkin,TE,4,2,1,2.2,2.2,1.7,101,2019
Josh Ferguson,RB,2,0,1,0.9,0.9,0.9,142,2019
Ryan Grant,WR,2,1,1,5.4,5.4,3.4,205,2019
Will Grier,QB,2,2,1,1.3,6.3,5.3,60,2019
Ryan Griffin,QB,2,0,1,0.6,0.6,0.6,62,2019
Damien Harris,RB,2,0,1,1.2,1.2,1.2,139,2019
Dwayne Harris,WR,3,0,1,1.7,1.7,1.2,213,2019
Chris Herndon,TE,1,0,1,1.7,1.7,1.2,108,2019
Cody Hollister,WR,5,0,1,3.3,3.3,2.3,208,2019
Buddy Howell,RB,16,0,1,1,1,1,141,2019
Jakob Johnson,RB,4,3,1,1.5,1.5,1,149,2019
Charles Jones,TE,4,0,1,1.5,1.5,1,110,2019
John Kelly,RB,4,0,1,0.9,0.9,0.9,143,2019
Ben Koyack,TE,11,6,1,1.9,1.9,1.4,106,2019
Chris Manhertz,TE,15,6,1,2.1,2.1,1.6,103,2019
Josh McCown,QB,3,0,1,0.8,0.8,0.8,61,2019
Ryan Nall,RB,8,0,1,0.8,0.8,0.8,145,2019
Isaac Nauta,TE,6,0,1,3.3,3.3,2.3,100,2019
Gunner Olszewski,WR,8,0,1,3.4,4.4,2.4,206,2019
Ricky Ortiz,RB,1,0,1,1.8,1.8,1.3,146,2019
Jordan Scarlett,RB,9,0,1,0.9,0.9,0.9,144,2019
Dalton Schultz,TE,16,0,1,1.6,1.6,1.1,109,2019
Jaleel Scott,WR,3,0,1,1.6,1.6,1.1,214,2019
Scott Simonson,TE,5,1,1,3.1,3.1,2.1,104,2019
Jeff Smith,WR,1,0,1,2.2,2.2,1.7,209,2019
Tyrone Swoopes,TE,5,2,1,1.5,1.5,1,111,2019
De'Anthony Thomas,WR,14,0,1,2.1,2.1,1.6,210,2019
Jordan Thomas,TE,5,2,1,1.8,1.8,1.3,107,2019
Mike Thomas,WR,16,0,1,3.4,3.4,2.4,207,2019
Levine Toilolo,TE,13,0,1,3,3,2,105,2019
De'Lance Turner,RB,8,0,1,0.6,0.6,0.6,148,2019
John Ursua,WR,3,0,1,2.1,2.1,1.6,211,2019
Dexter Williams,RB,4,0,1,1.1,1.1,1.1,140,2019
Jerell Adams,,1,0,,,,,117,2019
Stephen Anderson,,1,0,,,,,118,2019
Evan Baylis,,5,0,,,,,119,2019
Kendall Blanton,,1,0,,,,,120,2019
Tim Boyle,QB,3,0,,-0.1,-0.1,-0.1,68,2019
Deante Burton,,3,0,,,,,217,2019
Trenton Cannon,,4,0,,,,,153,2019
Garrett Celek,,5,1,,,,,121,2019
Jordan Chunn,,1,0,,,,,154,2019
Chandler Cox,,13,3,,,,,155,2019
River Cracraft,,1,0,,,,,218,2019
Jerome Cunningham,,2,1,,,,,122,2019
Darrell Daniels,TE,11,0,,1.4,1.4,0.9,112,2019
Davion Davis,,2,0,,,,,219,2019
James Develin,TE,2,2,,0.3,0.3,0.3,114,2019
Garrett Dickerson,,4,0,,,,,123,2019
Gehrig Dieter,,2,0,,,,,220,2019
Brandon Dillon,,1,0,,,,,124,2019
Josh Doctson,,1,0,,,,,221,2019
Alex Ellis,,3,0,,,,,125,2019
David Fales,,2,0,,,,,66,2019
David Fluellen,,2,0,,,,,156,2019
D.J. Foster,,6,0,,,,,157,2019
Travis Fulgham,,3,0,,,,,222,2019
Zach Gentry,TE,4,0,,1.4,1.4,0.9,113,2019
Garrett Gilbert,QB,5,0,,-0.3,-0.3,-0.3,69,2019
Cullen Gillaspia,,16,0,,,,,158,2019
Cyril Grayson,WR,2,0,,1.3,1.3,0.8,216,2019
Xavier Grimble,TE,3,1,,1.3,1.3,0.8,115,2019
Jalen Guyton,,3,0,,,,,223,2019
Justin Hardee,,16,0,,,,,224,2019
Clark Harris,,16,0,,,,,126,2019
Krishawn Hogan,WR,8,0,,1.4,1.4,0.9,215,2019
Lil'Jordan Humphrey,,5,1,,,,,225,2019
Trenton Irwin,,1,0,,,,,226,2019
Gary Jennings Jr,,1,0,,,,,227,2019
Tom Kennedy,,1,0,,,,,228,2019
Darvin Kidsy,,3,0,,,,,229,2019
Keith Kirkwood,,1,0,,,,,230,2019
Matt Lengel,,1,1,,,,,127,2019
Josh Malone,,2,0,,,,,231,2019
Jeremy McNichols,,1,0,,,,,159,2019
Trace McSorley,QB,1,0,,0.1,0.1,0.1,64,2019
Carson Meier,,1,1,,,,,128,2019
Jaydon Mickens,,1,0,,,,,232,2019
Alfred Morris,RB,1,0,,0.4,0.4,0.4,150,2019
Nick Mullens,QB,1,0,,-0.3,-0.3,-0.3,70,2019
Jojo Natson,,12,0,,,,,233,2019
Roosevelt Nix,RB,3,0,,2.4,2.4,1.4,151,2019
Matthew Orzech,,16,0,,,,,129,2019
Senorise Perry,RB,11,0,,1.4,1.4,0.9,152,2019
Craig Reynolds,,3,0,,,,,160,2019
Richard Rodgers,,1,0,,,,,130,2019
Cooper Rush,,2,0,,,,,67,2019
Spencer Schnell,,1,0,,,,,234,2019
Mason Schreck,,2,0,,,,,131,2019
Trevor Siemian,QB,1,1,,0.1,0.1,0.1,63,2019
Matthew Slater*+,,16,0,,,,,235,2019
Rod Smith,,6,0,,,,,161,2019
Nate Solder,,16,16,,,,,132,2019
Jace Sternberger,,6,1,,,,,133,2019
Alex Tanney,QB,1,0,,,,,65,2019
Taywan Taylor,,3,1,,,,,236,2019
Eric Tomlinson,TE,8,3,,1.1,1.1,0.6,116,2019
Robert Turbin,,1,0,,,,,162,2019
Jason Vander Laan,,2,1,,,,,134,2019
Austin Walter,,1,0,,,,,163,2019
Jester Weah,,1,0,,,,,237,2019
Nsimba Webster,,5,0,,,,,238,2019
Chad Williams,,1,0,,,,,239,2019
Trayveon Williams,,11,0,,,,,164,2019
Juwann Winfree,,3,0,,,,,240,2019
Blake Bortles,QB,3,0,-1,-0.8,-0.8,-0.8,71,2019
Sean Mannion,QB,3,1,-1,-1.5,1.5,0.5,72,2019
Greg Dortch,,2,0,-2,-2,-1,-2,242,2019
Quincy Enunwa,WR,1,1,-2,-1.4,-0.4,-1.9,244,2019
Ray-Ray McCloud,,6,0,-2,-2,-1,-2,243,2019
Darrius Shepherd,WR,6,0,-2,-0.9,0.1,-1.4,241,2019
Jarrett Stidham,QB,3,0,-2,-1.6,-0.6,-0.6,73,2019
Michael Walker,WR,7,0,-3,-0.5,1.5,-1.5,245,2019
Corey Clement,,4,0,-4,-4,-2,-4,165,2019
Derrick Henry *+,RB,16,16,314,333.1,341.1,323.6,1,2020
Alvin Kamara*,RB,15,10,295,377.8,383.8,336.3,2,2020
Dalvin Cook*,RB,14,14,294,337.8,346.8,315.8,3,2020
Davante Adams*+,WR,14,14,243,358.4,362.4,300.9,1,2020
Travis Kelce*+,TE,15,15,208,312.8,316.8,260.3,1,2020
Tyreek Hill*+,WR,15,15,242,328.9,334.9,285.4,2,2020
Josh Allen*,QB,16,16,395,396.1,418.1,405.6,1,2020
Aaron Rodgers*+,QB,16,16,382,383.3,396.3,387.8,2,2020
Kyler Murray*,QB,16,16,379,378.7,400.7,390.7,3,2020
Patrick Mahomes*,QB,15,15,374,374.4,388.4,380.4,4,2020
Deshaun Watson*,QB,16,16,369,369.3,385.3,376.3,5,2020
Jonathan Taylor,RB,15,13,217,252.8,259.8,234.8,4,2020
Aaron Jones*,RB,14,14,212,258.9,264.9,235.4,5,2020
Darren Waller*,TE,16,15,172,278.6,283.6,225.1,2,2020
David Montgomery,RB,15,14,211,264.8,271.8,237.8,6,2020
Russell Wilson*,QB,16,16,360,359.8,382.8,372.8,6,2020
Stefon Diggs*+,WR,16,15,202,328.6,331.6,265.1,3,2020
James Robinson,RB,14,14,201,250.4,257.4,225.9,7,2020
Josh Jacobs*,RB,15,15,198,231.3,239.3,214.8,8,2020
Calvin Ridley,WR,15,15,192,281.5,285.5,236.5,4,2020
D.K. Metcalf*,WR,16,16,188,271.3,275.3,229.8,5,2020
Nick Chubb*,RB,12,12,192,207.7,214.7,199.7,9,2020
Ryan Tannehill,QB,16,16,343,344.4,358.4,350.9,7,2020
Justin Jefferson*,WR,16,14,186,274.2,277.2,230.2,6,2020
Tom Brady,QB,16,16,338,337.9,353.9,349.9,8,2020
Adam Thielen,WR,15,15,180,254,257,217,7,2020
Mike Evans,WR,16,16,179,248.6,251.6,213.6,8,2020
A.J. Brown*,WR,14,12,178,247.5,251.5,212.5,9,2020
Justin Herbert,QB,15,15,333,332.8,349.8,342.8,9,2020
Lamar Jackson,QB,15,15,333,332.8,351.8,341.8,10,2020
Kareem Hunt,RB,16,5,181,218.5,224.5,199.5,10,2020
DeAndre Hopkins*,WR,16,16,173,287.8,292.8,230.3,10,2020
Ezekiel Elliott,RB,15,15,172,223.7,234.7,197.7,11,2020
Tyler Lockett,WR,16,16,165,265.4,268.4,215.4,11,2020
Kenyan Drake,RB,15,13,167,192.2,199.2,179.7,12,2020
Melvin Gordon,RB,15,10,166,198.4,208.4,182.4,13,2020
Antonio Gibson,RB,14,10,166,202.2,210.2,184.2,14,2020
Allen Robinson,WR,16,16,161,262.9,265.9,211.9,12,2020
Robert Tonyan,TE,16,8,125,176.6,179.6,150.6,3,2020
Robert Woods,WR,16,16,155,245.1,252.1,200.1,13,2020
Ronald Jones II,RB,14,13,158,186.3,194.3,172.3,15,2020
Chase Claypool,WR,16,6,153,214.9,218.9,183.9,14,2020
Marvin Jones,WR,16,16,152,227.8,230.8,189.8,15,2020
Brandin Cooks,WR,15,15,151,232,235,191.5,16,2020
Kirk Cousins,QB,16,16,306,306.2,330.2,319.2,11,2020
Mark Andrews,TE,14,2,112,170.1,173.1,141.1,4,2020
Chris Carson,RB,12,12,151,187.8,193.8,169.3,16,2020
J.K. Dobbins,RB,15,1,151,168.5,174.5,159.5,17,2020
D.J. Moore,WR,15,14,146,211.5,214.5,178.5,17,2020
Keenan Allen*,WR,14,13,145,245.1,250.1,195.1,18,2020
Amari Cooper,WR,16,15,145,236.8,239.8,190.8,19,2020
T.J. Hockenson*,TE,16,16,108,175.3,179.3,141.8,5,2020
CeeDee Lamb,WR,16,14,144,217.7,221.7,180.7,20,2020
Mike Davis,RB,15,12,148,206.5,213.5,177,18,2020
David Johnson,RB,12,12,147,179.5,186.5,163,19,2020
Mike Gesicki,TE,15,9,106,159.3,162.3,132.8,6,2020
Logan Thomas,TE,16,15,105,176.6,179.6,140.6,7,2020
Rob Gronkowski,TE,16,16,104,149.3,152.3,126.8,8,2020
D'Andre Swift,RB,13,4,144,189.8,197.8,166.8,20,2020
Miles Sanders,RB,12,11,142,170.4,178.4,156.4,21,2020
Nelson Agholor,WR,16,13,138,185.6,188.6,161.6,21,2020
JuJu Smith-Schuster,WR,16,14,137,234.1,238.1,185.6,22,2020
Terry McLaurin,WR,15,15,137,223.8,227.8,180.3,23,2020
Will Fuller,WR,11,11,136,188.9,191.9,162.4,24,2020
Clyde Edwards-Helaire,RB,13,13,140,176,182,158,22,2020
Curtis Samuel,WR,15,5,135,212.1,218.1,173.6,25,2020
Jonnu Smith,TE,15,14,99,140.2,143.2,119.7,9,2020
Todd Gurley,RB,15,15,138,163.2,169.2,150.7,23,2020
Diontae Johnson,WR,15,13,134,221.8,225.8,177.8,26,2020
Jimmy Graham,TE,16,15,94,143.6,146.6,118.6,10,2020
Robby Anderson,WR,16,16,129,224.1,228.1,176.6,27,2020
Hayden Hurst,TE,16,9,93,149.1,152.1,121.1,11,2020
Tee Higgins,WR,16,14,128,194.6,198.6,161.1,28,2020
Corey Davis,WR,14,12,126,191.4,195.4,158.9,29,2020
Matt Ryan,QB,16,16,282,282.4,299.4,293.4,12,2020
Chris Godwin,WR,12,12,126,191,194,158.5,30,2020
Johnny Stanton,,1,0,,,,,1,2020
Nyheim Hines,RB,16,2,130,193.2,199.2,161.7,24,2020
Derek Carr,QB,16,16,272,272.1,295.1,281.1,13,2020
Ben Roethlisberger,QB,15,15,267,267.2,281.2,277.2,14,2020
Matthew Stafford,QB,16,16,261,260.6,277.6,270.6,15,2020
Cam Newton,QB,15,15,259,261,278,270,16,2020
Baker Mayfield,QB,16,16,248,248.6,266.6,256.1,17,2020
Teddy Bridgewater,QB,15,15,241,241.2,261.2,252.2,18,2020
Jared Goff,QB,15,15,240,240,260,253,19,2020
Philip Rivers,QB,16,16,240,240,255,251,20,2020
Drew Brees,QB,12,12,209,209.5,220.5,215.5,21,2020
Carson Wentz,QB,12,12,198,198.4,223.4,213.4,22,2020
Drew Lock,QB,13,13,181,181.3,205.3,196.3,23,2020
Daniel Jones,QB,14,14,180,180,202,190,24,2020
Joe Burrow,QB,10,10,174,173.7,188.7,178.7,25,2020
Gardner Minshew II,QB,9,8,160,160.7,175.7,165.2,26,2020
Mitchell Trubisky,QB,10,9,154,153.7,169.7,161.7,27,2020
Ryan Fitzpatrick,QB,9,7,153,153.7,167.7,161.2,28,2020
Taysom Hill,QB,16,8,149,156.6,169.6,154.6,29,2020
Andy Dalton,QB,11,9,136,136.9,151.9,144.4,30,2020
Dak Prescott,QB,5,5,135,135.6,145.6,139.1,32,2020
Tua Tagovailoa,QB,10,9,135,135.5,147.5,140.5,31,2020
Sam Darnold,QB,12,12,134,134,153,145,33,2020
James Conner,RB,13,11,130,164.6,170.6,147.1,25,2020
Jeff Wilson,RB,12,3,129,142.3,150.3,135.8,26,2020
Cole Beasley,WR,15,10,126,207.5,210.5,166.5,31,2020
Brandon Aiyuk,WR,12,11,125,184.5,187.5,154.5,33,2020
Marquise Brown,WR,16,14,125,183,186,154,32,2020
Myles Gaskin,RB,10,7,123,164.2,172.2,143.7,27,2020
Gus Edwards,RB,16,6,119,128.2,135.2,123.7,28,2020
Cooper Kupp,WR,15,12,117,208.7,212.7,162.7,34,2020
Wayne Gallman,RB,15,10,116,136.6,142.6,126.1,29,2020
Jarvis Landry,WR,15,14,116,188,191,152,35,2020
Nick Mullens,QB,10,8,116,116.3,135.3,128.3,34,2020
Chase Edmonds,RB,16,2,115,168,174,141.5,30,2020
Tyler Boyd,WR,15,8,114,192.6,195.6,153.1,37,2020
Michael Gallup,WR,16,15,114,173.3,176.3,143.8,36,2020
Darrell Henderson,RB,15,11,114,130.3,136.3,122.3,31,2020
Jamison Crowder,WR,12,7,113,172,175,142.5,38,2020
Latavius Murray,RB,15,7,113,136.2,142.2,124.7,32,2020
Adrian Peterson,RB,16,10,113,124.5,130.5,118.5,33,2020
Giovani Bernard,RB,16,10,111,158.1,165.1,134.6,36,2020
Austin Ekeler,RB,10,10,111,165.3,171.3,138.3,35,2020
J.D. McKissic,RB,16,7,111,191.4,198.4,151.4,34,2020
Tim Patrick,WR,15,15,110,161.2,164.2,135.7,39,2020
Russell Gage,WR,16,8,109,181.1,184.1,145.1,40,2020
T.Y. Hilton,WR,15,15,108,164.2,167.2,136.2,41,2020
Jalen Hurts,QB,15,4,108,109.1,121.1,112.6,35,2020
Jerry Jeudy,WR,16,14,106,157.6,160.6,131.6,43,2020
Devin Singletary,RB,16,16,106,143.6,150.6,124.6,37,2020
Mike Williams,WR,15,11,106,153.7,156.7,129.7,42,2020
Nick Foles,QB,9,7,104,104.2,115.2,112.2,36,2020
Emmanuel Sanders,WR,14,5,104,164.8,167.8,134.3,45,2020
Marquez Valdes-Scantling,WR,16,12,104,137.3,141.3,120.8,44,2020
DeVante Parker,WR,14,11,103,166.3,169.3,134.8,46,2020
Gabriel Davis,WR,16,11,102,136.9,139.9,119.4,47,2020
DJ Chark,WR,13,12,101,153.6,156.6,127.1,48,2020
Keelan Cole,WR,16,5,100,155.4,158.4,127.9,49,2020
Laviska Shenault Jr.,WR,14,12,99,157.1,160.1,128.1,50,2020
Christian Kirk,WR,14,10,98,146.4,149.4,122.4,51,2020
Sterling Shepard,WR,12,12,97,162.5,165.5,129.5,52,2020
Leonard Fournette,RB,13,3,96,132,138,114,39,2020
Jamaal Williams,RB,14,3,96,127.1,133.1,111.6,38,2020
Julio Jones,WR,9,9,95,146.1,149.1,120.6,53,2020
Jerick McKinnon,RB,16,4,93,126.2,132.2,109.7,40,2020
Zach Pascal,WR,16,14,93,136.9,139.9,114.9,54,2020
Tony Pollard,RB,16,2,93,120.8,126.8,106.8,41,2020
Cam Akers,RB,13,5,91,101.8,108.8,96.3,42,2020
Darnell Mooney,WR,16,9,91,152.1,155.1,121.6,55,2020
Darius Slayton,WR,16,15,91,141,145,116,56,2020
Jared Cook,TE,15,5,90,127.4,131.4,108.9,12,2020
Zack Moss,RB,13,0,88,101.6,104.6,94.6,43,2020
Noah Fant,TE,15,14,87,149.3,152.3,118.3,13,2020
Mecole Hardman,WR,16,8,87,128.1,133.1,107.6,57,2020
Malcolm Brown,RB,16,0,86,109.1,116.1,97.6,45,2020
Eric Ebron,TE,15,9,86,141.8,145.8,113.8,14,2020
Damien Harris,RB,10,10,86,91.3,94.3,88.8,44,2020
Hunter Henry,TE,14,14,85,145.3,148.3,115.3,15,2020
Frank Gore,RB,15,14,84,100.2,104.2,92.2,46,2020
Tyler Higbee,TE,15,15,84,128.2,131.2,106.2,16,2020
Rashard Higgins,WR,13,6,84,120.9,123.9,102.4,58,2020
Jakobi Meyers,WR,14,9,84,142.5,146.5,113,60,2020
David Moore,WR,16,6,84,118.8,121.8,101.3,59,2020
Raheem Mostert,RB,8,8,84,99.7,106.7,91.7,47,2020
Dalton Schultz,TE,16,14,84,146.5,150.5,115,17,2020
Rex Burkhead,RB,10,0,83,107.6,113.6,95.1,48,2020
Kendrick Bourne,WR,15,5,81,129.7,132.7,105.2,61,2020
Greg Ward,WR,16,10,80,133.1,136.1,106.6,62,2020
Joe Mixon,RB,6,6,79,99.6,106.6,89.1,49,2020
Evan Engram*,TE,16,14,78,141,145,109.5,18,2020
Travis Fulgham,WR,13,8,78,115.9,118.9,96.9,63,2020
George Kittle,TE,8,8,77,125.1,128.1,101.1,19,2020
Hunter Renfrow,WR,16,6,76,131.6,135.6,103.6,64,2020
Alexander Mattison,RB,13,2,74,86.9,92.9,80.4,50,2020
Christian McCaffrey,RB,3,3,73,90.4,96.4,81.9,51,2020
Antonio Brown,WR,8,4,72,117.1,120.1,94.6,66,2020
Josh Reynolds,WR,16,13,72,124.3,128.3,98.3,65,2020
Alex Smith,QB,8,6,72,71.6,82.6,79.6,37,2020
Boston Scott,RB,16,4,71,95.6,101.6,83.1,52,2020
Dallas Goedert,TE,11,9,70,116.4,119.4,93.4,20,2020
Brian Hill,RB,16,1,70,95.4,102.4,82.9,53,2020
Isaiah McKenzie,WR,16,7,70,99.6,102.6,84.6,67,2020
Scott Miller,WR,16,5,70,102.5,105.5,86,68,2020
Devontae Booker,RB,16,1,69,85.7,88.7,77.2,55,2020
Jalen Guyton,WR,16,9,69,97.1,100.1,83.1,70,2020
Carlos Hyde,RB,10,1,69,84.9,87.9,76.9,54,2020
Breshad Perriman,WR,12,12,69,99.1,102.1,84.1,71,2020
Irv Smith Jr.,TE,13,7,69,98.5,101.5,83.5,21,2020
Tre'Quan Smith,WR,14,10,69,103.1,106.1,86.1,72,2020
James Washington,WR,16,7,69,99.2,102.2,84.2,69,2020
Damiere Byrd,WR,16,14,68,114.9,117.9,91.4,73,2020
Dwayne Haskins,QB,7,6,68,68.2,81.2,75.2,38,2020
Austin Hooper,TE,13,13,68,113.5,116.5,90.5,22,2020
Sony Michel,RB,9,6,68,75.3,81.3,71.8,56,2020
James White,RB,14,0,68,116.6,122.6,92.1,57,2020
Dan Arnold,TE,16,5,66,96.8,100.8,81.3,23,2020
Kalen Ballage,RB,11,2,65,93.9,99.9,79.4,58,2020
Allen Lazard,WR,10,9,65,97.8,100.8,81.3,74,2020
Benny Snell Jr.,RB,16,3,65,74.9,78.9,69.9,59,2020
Odell Beckham Jr.,WR,7,7,64,86.8,89.8,75.3,76,2020
John Brown,WR,9,8,64,96.8,99.8,80.3,77,2020
Jimmy Garoppolo,QB,6,6,64,64.3,72.3,69.3,39,2020
A.J. Green,WR,16,14,64,111.3,114.3,87.8,75,2020
Kyle Juszczyk*,RB,16,15,63,81.6,84.6,72.1,60,2020
Demarcus Robinson,WR,16,9,63,107.6,111.6,85.1,78,2020
Randall Cobb,WR,10,2,62,100.1,103.1,81.1,79,2020
Mike Glennon,QB,5,5,61,60.6,70.6,65.6,40,2020
Willie Snead,WR,13,8,61,94.2,97.2,77.7,80,2020
Danny Amendola,WR,14,5,60,106.4,109.4,83.4,81,2020
Braxton Berrios,WR,16,2,60,97.3,100.3,78.8,82,2020
KJ Hamler,WR,13,4,60,90.1,93.1,75.1,83,2020
Tyron Johnson,WR,12,0,60,79.5,82.5,69.5,85,2020
Anthony Miller,WR,16,6,60,108.7,112.7,84.2,84,2020
Le'Veon Bell,RB,11,4,59,74.6,80.6,66.6,62,2020
Phillip Lindsay,RB,11,8,59,66,69,62.5,61,2020
Michael Pittman Jr.,WR,13,8,59,98.9,101.9,78.9,86,2020
Salvon Ahmed,RB,6,4,58,69,72,63.5,64,2020
Joshua Kelley,RB,14,0,58,81.2,89.2,69.7,63,2020
Henry Ruggs III,WR,13,12,58,84.1,89.1,71.1,87,2020
Chris Conley,WR,15,4,57,97.1,101.1,77.1,88,2020
Preston Williams,WR,8,7,57,74.8,77.8,65.8,89,2020
Duke Johnson,RB,11,5,56,84.4,92.4,70.4,65,2020
Jalen Reagor,WR,11,11,56,87.2,90.2,71.7,90,2020
Trey Burton,TE,13,4,55,83.3,86.3,69.3,24,2020
Darren Fells,TE,16,14,55,76.2,79.2,65.7,25,2020
Joe Flacco,QB,5,4,55,54.8,60.8,57.8,41,2020
Samaje Perine,RB,16,1,55,65.7,68.7,60.2,66,2020
Keke Coutee,WR,8,4,54,87,93,70.5,92,2020
Cam Sims,WR,16,10,54,86.2,89.2,70.2,91,2020
Kerryon Johnson,RB,16,2,53,71.8,78.8,62.3,67,2020
C.J. Beathard,QB,6,2,52,52.3,58.3,52.3,42,2020
Gerald Everett,TE,16,7,52,92.9,96.9,72.4,26,2020
Golden Tate,WR,12,4,52,86.5,89.5,69,93,2020
Peyton Barber,RB,16,2,51,55,58,53,68,2020
Miles Boykin,WR,16,13,51,69.6,72.6,60.1,95,2020
Jakeem Grant,WR,14,4,51,87.3,90.3,69.3,94,2020
Brandon Allen,QB,5,5,50,49.7,57.7,53.7,43,2020
Sammy Watkins,WR,10,9,50,87.4,92.4,69.9,96,2020
Mo Alie-Cox,TE,15,6,49,80.4,84.4,64.9,27,2020
Jordan Wilkins,RB,15,0,49,61.3,67.3,55.3,69,2020
Cordarrelle Patterson*+,WR,16,3,48,69.4,75.4,58.9,97,2020
Deebo Samuel,WR,7,5,48,80.7,83.7,64.2,98,2020
Jordan Akins,TE,13,5,47,83.7,86.7,65.2,30,2020
Quintez Cephus,WR,13,2,47,66.9,69.9,56.9,99,2020
Tyler Eifert,TE,15,4,47,82.9,85.9,64.9,29,2020
Larry Fitzgerald,WR,13,13,47,100.9,103.9,73.9,100,2020
Mark Ingram,RB,11,9,47,52.9,55.9,49.9,71,2020
Ty Johnson,RB,13,1,47,63.3,66.3,55.3,70,2020
Jordan Reed,TE,10,1,47,73.1,76.1,60.1,28,2020
Richard Rodgers,TE,14,4,47,70.5,73.5,58.5,31,2020
Kenny Golladay,WR,5,5,46,65.8,68.8,55.8,101,2020
Justin Jackson,RB,9,4,46,65.3,71.3,55.8,72,2020
Kyle Allen,QB,4,4,45,45,50,46,44,2020
Anthony Firkser,TE,16,1,45,83.7,86.7,64.2,32,2020
Donovan Peoples-Jones,WR,12,2,44,58.4,61.4,51.4,102,2020
Michael Thomas,WR,7,5,44,83.9,86.9,63.9,103,2020
Chris Herndon,TE,16,13,43,73.7,78.7,58.2,34,2020
Dawson Knox,TE,12,7,43,66.8,71.8,54.8,33,2020
Zach Ertz,TE,11,11,42,77.5,80.5,59.5,35,2020
Marvin Hall,WR,12,6,42,60.3,63.3,51.3,104,2020
La'Mical Perine,RB,10,0,42,52.5,55.5,47,73,2020
Jack Doyle,TE,14,12,41,64.1,68.1,52.6,36,2020
N'Keal Harry,WR,14,9,41,73.9,77.9,57.4,107,2020
Jacob Hollister,TE,16,5,41,65.9,68.9,53.4,37,2020
Richie James,WR,11,7,41,64.4,69.4,52.9,105,2020
Collin Johnson,WR,14,0,41,59.2,62.2,50.2,106,2020
Cameron Brate,TE,16,1,40,68.2,71.2,54.2,38,2020
DeeJay Dallas,RB,12,2,40,56.9,62.9,48.4,75,2020
Ito Smith,RB,14,0,40,57.3,60.3,48.8,74,2020
DaeSean Hamilton,WR,16,2,39,62.3,66.3,50.8,108,2020
Drew Sample,TE,16,13,39,78.9,82.9,58.9,39,2020
Harrison Bryant,TE,15,9,38,61.8,66.8,49.8,40,2020
AJ Dillon,RB,11,0,38,40.3,43.3,39.3,76,2020
Dion Lewis,RB,16,0,38,57.2,65.2,47.7,77,2020
Denzel Mims,WR,9,8,38,60.7,63.7,49.2,109,2020
Alfred Morris,RB,9,0,38,40.7,43.7,39.2,78,2020
Will Dissly,TE,16,12,37,61.1,64.1,49.1,42,2020
Kyle Rudolph,TE,12,12,37,65.4,69.4,51.4,41,2020
Darrel Williams,RB,16,0,37,54.5,60.5,45.5,79,2020
Julian Edelman,WR,6,1,35,56.2,59.2,45.7,110,2020
Adam Humphries,WR,7,1,35,57.8,60.8,46.3,111,2020
Cedrick Wilson Jr.,WR,16,0,35,51.6,54.6,43.1,112,2020
Andy Isabella,WR,13,2,34,54.8,57.8,44.3,113,2020
Cole Kmet,TE,16,9,34,62,66,48,43,2020
Donald Parham,TE,13,5,34,43.9,46.9,38.9,44,2020
Matt Breida,RB,12,1,33,42,46,37.5,80,2020
Devin Duvernay,WR,16,3,33,53.1,56.1,43.1,115,2020
David Njoku,TE,13,5,33,52.3,55.3,42.8,45,2020
Adam Shaheen,TE,16,5,33,45,48,39,46,2020
Durham Smythe,TE,15,13,33,58.8,61.8,45.8,47,2020
Olamide Zaccheaus,WR,11,2,33,53.4,56.4,43.4,114,2020
Jeremy McNichols,RB,16,0,32,43.9,46.9,37.9,82,2020
Jalen Richard,RB,13,0,32,51.1,57.1,41.6,81,2020
Josh Adams,RB,8,0,31,36.6,39.6,33.6,83,2020
Ross Dwelley,TE,16,9,31,49.5,52.5,40,48,2020
DeSean Jackson,WR,5,5,31,44.8,47.8,37.8,116,2020
Chad Beebe,WR,14,0,30,50.1,54.1,40.1,118,2020
Jeff Driskel,QB,3,1,30,30.1,35.1,32.1,45,2020
Chad Hansen,WR,5,2,30,46.6,49.6,38.1,119,2020
Jordan Howard,RB,7,4,30,30.7,30.7,30.2,84,2020
Tyler Kroft,TE,10,4,30,41.9,44.9,35.9,49,2020
Greg Olsen,TE,11,8,30,53.9,56.9,41.9,50,2020
Steven Sims,WR,12,2,30,57.3,62.3,43.8,117,2020
Devonta Freeman,RB,5,4,29,36,39,32.5,85,2020
Tyler Johnson,WR,14,3,29,40.9,43.9,34.9,120,2020
Marcedes Lewis,TE,15,15,29,38.7,41.7,33.7,51,2020
Pharaoh Brown,TE,13,9,28,42.3,45.3,35.3,52,2020
Isaiah Ford,WR,10,1,28,55.6,58.6,41.6,126,2020
Deonte Harris,WR,9,2,28,47.7,51.7,37.7,125,2020
Dontrelle Inman,WR,10,2,28,46.3,49.3,37.3,121,2020
Van Jefferson,WR,16,0,28,46.9,49.9,37.4,123,2020
Jake Luton,QB,3,3,28,28.3,37.3,34.3,46,2020
Byron Pringle,WR,13,3,28,41,44,34.5,122,2020
Rodney Smith,RB,7,1,28,36.5,39.5,32,86,2020
Freddie Swain,WR,16,1,28,40.9,43.9,34.4,124,2020
O.J. Howard,TE,4,1,27,37.6,40.6,32.1,53,2020
Mohamed Sanu,WR,10,4,27,44,47,35.5,127,2020
Lynn Bowden Jr.,RB,10,4,26,53.6,56.6,39.6,88,2020
Marcus Johnson,WR,11,3,26,39.5,42.5,32.5,128,2020
Marcus Mariota,QB,1,0,26,25.8,26.8,26.8,47,2020
Foster Moreau,TE,16,2,26,33,36,29.5,55,2020
James O'Shaughnessy,TE,15,13,26,54.2,57.2,40.2,54,2020
Darwin Thompson,RB,14,1,26,33.2,34.2,29.7,87,2020
Tyler Conklin,TE,16,2,25,44.4,47.4,34.9,56,2020
Bryan Edwards,WR,12,3,25,36.3,39.3,30.8,129,2020
Royce Freeman,RB,16,0,25,37.1,40.1,31.1,89,2020
Jesse James,TE,16,7,25,38.9,41.9,31.9,57,2020
Jamycal Hasty,RB,8,0,24,31.1,34.1,27.6,90,2020
Chad Henne,QB,3,1,24,23.7,23.7,23.7,48,2020
Travis Homer,RB,9,0,24,32.8,32.8,28.3,91,2020
Nick Boyle,TE,9,9,23,37.3,40.3,30.3,58,2020
Zay Jones,WR,16,2,23,36.6,39.6,29.6,130,2020
MyCole Pruitt,TE,11,4,23,27.9,27.9,25.4,60,2020
Chris Thompson,RB,8,0,23,42.6,45.6,32.6,92,2020
Adam Trautman,TE,15,6,23,38.1,41.1,30.6,59,2020
Ameer Abdullah,RB,16,0,22,30,30,26,93,2020
Mack Hollins,WR,16,2,22,37.6,41.6,29.6,131,2020
Jacoby Brissett,QB,11,0,21,20.6,20.6,20.6,49,2020
Marquez Callaway,WR,11,3,21,42.3,45.3,31.8,132,2020
Olabisi Johnson,WR,16,3,21,34.9,37.9,27.9,133,2020
Gunner Olszewski+,WR,13,2,21,25.5,25.5,23,134,2020
Ian Thomas,TE,16,8,21,40.5,43.5,30.5,61,2020
Alex Collins,RB,3,1,20,21.1,21.1,20.6,95,2020
Dare Ogunbowale,RB,14,2,20,29.9,32.9,24.9,96,2020
Kenny Stills,WR,10,0,20,31.4,34.4,25.9,135,2020
Antonio Williams,RB,1,0,20,21.3,21.3,20.8,94,2020
Ryan Finley,QB,5,1,19,19.2,21.2,21.2,50,2020
John Hightower,WR,13,4,19,28.8,31.8,23.8,137,2020
Jason Witten,TE,16,7,19,31.9,31.9,25.4,62,2020
Isaiah Wright,WR,14,6,19,46.3,50.3,32.8,136,2020
Cameron Batson,WR,12,1,18,30,33,24,140,2020
C.J. Ham,RB,15,11,18,25.5,25.5,21.5,99,2020
KhaDarel Hodge,WR,9,0,18,29,32,23.5,141,2020
Ryan Izzo,TE,12,12,18,30.9,34.9,24.4,64,2020
Alshon Jeffery,WR,7,2,18,23.5,26.5,20.5,143,2020
D'Ernest Johnson,RB,16,0,18,21,24,19.5,98,2020
Colt McCoy,QB,4,2,18,18.2,23.2,19.2,52,2020
Albert Okwuegbunam,TE,4,0,18,29.1,32.1,23.6,63,2020
Brandon Powell,WR,15,1,18,29.6,30.6,23.6,142,2020
Kalif Raymond,WR,15,3,18,27.4,30.4,22.9,138,2020
Mason Rudolph,QB,5,1,18,18.4,22.4,19.4,51,2020
Equanimeous St. Brown,WR,12,1,18,25.4,28.4,21.9,139,2020
Ke'Shawn Vaughn,RB,10,0,18,23.3,27.3,20.8,97,2020
JJ Arcega-Whiteside,WR,8,0,17,20.5,20.5,18.5,150,2020
Dez Bryant,WR,6,0,17,22.7,22.7,19.7,147,2020
Alec Ingold,RB,16,4,17,29.4,32.4,23.4,100,2020
KeeSean Johnson,WR,8,1,17,32.3,35.3,24.8,144,2020
Anthony McFarland Jr.,RB,11,0,17,22.7,25.7,19.7,101,2020
Jeff Smith,WR,12,4,17,33.7,36.7,25.2,148,2020
Jace Sternberger,TE,12,0,17,29.4,32.4,23.4,65,2020
Mike Thomas,WR,14,0,17,30.3,34.3,23.8,145,2020
Laquon Treadwell,WR,5,0,17,22.9,22.9,19.9,146,2020
Quez Watkins,WR,6,0,17,23.6,26.6,20.1,149,2020
Trayveon Williams,RB,10,0,17,21.7,25.7,19.2,102,2020
Jamal Agnew,WR,14,2,16,29.2,30.2,22.7,151,2020
Noah Brown,WR,16,1,16,29.8,32.8,22.8,152,2020
Corey Clement,RB,15,0,16,21,21,18.5,103,2020
D'Onta Foreman,RB,6,0,16,17,17,16.5,104,2020
Malcolm Perry,RB,9,2,16,24.7,24.7,20.2,105,2020
Lee Smith,WR,10,2,16,19.5,19.5,17.5,153,2020
Nick Vannett,TE,15,11,16,29.5,29.5,22.5,67,2020
Maxx Williams,TE,9,8,16,24.2,27.2,20.2,66,2020
Reggie Bonnafon,RB,2,0,15,16.7,16.7,15.7,109,2020
Darrell Daniels,TE,12,8,15,23.2,23.2,19.2,68,2020
Tyler Ervin,RB,8,0,15,26.1,26.1,20.6,108,2020
Blaine Gabbert,QB,4,0,15,15.3,15.3,15.3,53,2020
Garrett Gilbert,QB,1,1,15,14.5,15.5,15.5,54,2020
Gabe Nabers,RB,16,5,15,20.2,20.2,17.7,106,2020
Auden Tate,WR,9,2,15,29,32,22,154,2020
C.J. Uzomah,TE,2,2,15,22.7,22.7,18.7,69,2020
T.J. Yeldon,RB,3,0,15,16.2,16.2,15.7,107,2020
Christian Blake,WR,16,0,14,27.1,30.1,20.6,155,2020
Darrynton Evans,RB,5,0,14,16.1,16.1,15.1,110,2020
Troy Fumagalli,TE,8,0,14,22,22,18,71,2020
Geoff Swaim,TE,10,8,14,23.3,23.3,18.8,70,2020
Malik Taylor,WR,15,1,14,18.5,18.5,16,156,2020
Mike Boone,RB,16,0,13,14.9,14.9,13.9,112,2020
De'Michael Harris,WR,7,0,13,22.5,22.5,17.5,158,2020
LeSean McCoy,RB,10,0,13,28.2,31.2,20.7,111,2020
Ty Montgomery,WR,6,1,13,15.8,18.8,14.3,157,2020
Ryan Nall,RB,16,0,13,20.7,20.7,16.7,113,2020
Jarrett Stidham,QB,5,0,13,12.9,15.9,15.9,55,2020
John Wolford,QB,1,1,13,12.8,13.8,13.8,56,2020
Tarik Cohen,RB,3,0,12,17.5,17.5,14.5,117,2020
Chase Daniel,QB,4,0,12,12.2,14.2,14.2,57,2020
Taylor Heinicke,QB,1,0,12,11.7,11.7,11.7,58,2020
Chris Hogan,WR,5,4,12,25.8,28.8,18.8,160,2020
Patrick Laird,RB,16,0,12,22,23,17,115,2020
Ray-Ray McCloud,WR,16,2,12,32.2,33.2,22.2,159,2020
Dante Pettis,WR,7,1,12,15.6,16.6,13.6,161,2020
Troymaine Pope,RB,6,0,12,19.8,19.8,15.8,116,2020
DeAndre Washington,RB,4,1,12,17.1,17.1,14.6,114,2020
Stephen Anderson,TE,16,3,11,18.6,21.6,14.6,75,2020
Blake Bell,TE,16,2,11,22.2,25.2,16.7,72,2020
Alex Erickson,WR,16,2,11,22.6,27.6,16.6,163,2020
Virgil Green,TE,6,3,11,14,14,12.5,74,2020
Josh Hill,TE,14,7,11,18.6,18.6,14.6,76,2020
Lil'Jordan Humphrey,WR,3,1,11,13.6,13.6,12.1,164,2020
Brett Rypien,QB,3,1,11,11.3,15.3,15.3,59,2020
Kaden Smith,TE,15,12,11,29.2,32.2,20.2,73,2020
Diontae Spencer,WR,11,0,11,13.5,13.5,12,165,2020
J.J. Taylor,RB,6,0,11,12.4,15.4,11.9,118,2020
Javon Wims,WR,13,1,11,17,17,14,162,2020
Devin Asiasi,TE,9,3,10,11.9,11.9,10.9,77,2020
C.J. Board,WR,14,4,10,21.4,24.4,15.9,166,2020
Jakob Johnson,RB,16,11,10,17.5,17.5,13.5,119,2020
Vance McDonald,TE,14,12,10,24.9,24.9,17.4,78,2020
Brandon Zylstra,WR,16,2,10,12.6,12.6,11.1,167,2020
Matt Barkley,QB,5,0,9,9.3,10.3,10.3,61,2020
Saquon Barkley,RB,2,2,9,15.4,15.4,12.4,120,2020
Parris Campbell,WR,2,2,9,14.7,14.7,11.7,171,2020
Austin Carr,WR,6,0,9,11.7,11.7,10.2,172,2020
Tevin Coleman,RB,8,1,9,12.7,12.7,10.7,122,2020
Dominique Dafney,TE,5,2,9,10.6,10.6,9.6,79,2020
Ryan Griffin,TE,15,6,9,17.6,17.6,13.1,80,2020
Austin Mack,WR,11,1,9,16.1,16.1,12.6,169,2020
Trace McSorley,QB,2,0,9,9.3,9.3,9.3,60,2020
Artavis Pierce,RB,5,0,9,9.4,9.4,9.4,121,2020
Joe Reed,WR,11,0,9,8.9,8.9,8.9,170,2020
Trent Taylor,WR,12,1,9,18.6,18.6,13.6,173,2020
Tyrod Taylor,QB,2,1,9,9,9,9,62,2020
P.J. Walker,QB,4,1,9,8.5,16.5,13.5,63,2020
Justin Watson,WR,11,2,9,16.4,16.4,12.9,168,2020
Reggie Gilliam,RB,14,0,8,9.6,9.6,8.6,126,2020
Justice Hill,RB,12,0,8,13,13,10.5,124,2020
Jake Kumerow,WR,6,0,8,9.2,9.2,8.7,174,2020
C.J. Prosise,RB,10,0,8,12.7,13.7,10.2,125,2020
Patrick Ricard*,RB,15,10,8,17.4,18.4,12.9,123,2020
Chris Streveler,QB,5,0,8,7.7,8.7,8.7,64,2020
Pharoh Cooper,WR,16,1,7,12.3,12.3,9.8,175,2020
Ben DiNucci,QB,3,1,7,7,9,7,65,2020
Buddy Howell,RB,14,0,7,7.7,7.7,7.2,130,2020
Jaylen Samuels,RB,14,1,7,16.4,16.4,11.9,127,2020
Anthony Sherman,RB,13,1,7,8.3,8.3,7.8,128,2020
Keith Smith,RB,16,7,7,17.6,17.6,12.1,131,2020
Courtland Sutton,WR,1,1,7,9.6,9.6,8.1,176,2020
Colin Thompson,TE,15,4,7,7.7,7.7,7.2,81,2020
Jonathan Ward,RB,14,0,7,8.1,8.1,7.6,129,2020
Ja'Marcus Bradley,WR,3,1,6,11,11,8.5,180,2020
Tyrie Cleveland,WR,10,0,6,12.3,12.3,9.3,178,2020
Jason Croom,TE,4,0,6,7.3,7.3,6.8,82,2020
Ashton Dulin,WR,13,0,6,9.4,9.4,7.9,177,2020
Marlon Mack,RB,1,1,6,8.6,8.6,7.1,133,2020
Jaydon Mickens,WR,10,0,6,12.8,12.8,9.3,182,2020
Steven Mitchell,WR,6,1,6,11,11,8.5,181,2020
Damion Ratley,WR,5,0,6,10.3,10.3,8.3,179,2020
Theo Riddick,RB,4,0,6,10.7,10.7,8.2,132,2020
Luke Stocker,TE,16,13,6,13.3,13.3,9.8,83,2020
Jordan Thomas,TE,6,0,6,7.3,7.3,6.8,84,2020
Michael Burton,RB,15,4,5,8.6,8.6,6.6,136,2020
Trenton Cannon,RB,14,0,5,7.9,7.9,6.4,135,2020
Cethan Carter,TE,15,5,5,10.3,10.3,7.8,85,2020
Demetrius Harris,TE,15,5,5,11.5,11.5,8,89,2020
Dontrell Hilliard,RB,7,0,5,6,6,5.5,134,2020
K.J. Hill,WR,15,0,5,12.3,13.3,8.8,183,2020
Chris Manhertz,TE,16,12,5,11.2,11.2,8.2,87,2020
Johnny Mundt,TE,16,1,5,9.3,9.3,7.3,86,2020
Trent Sherfield,WR,15,1,5,10,10,7.5,185,2020
Levine Toilolo,TE,16,2,5,9.6,9.6,7.1,88,2020
Nick Westbrook-Ikhine,WR,14,1,5,8.3,8.3,6.8,184,2020
Isaiah Zuber,WR,4,0,5,7,7,6,186,2020
Khari Blasingame,RB,15,7,4,7.9,7.9,5.9,138,2020
Hunter Bryant,TE,5,0,4,5.4,5.4,4.9,90,2020
Lawrence Cager,WR,2,1,4,5.5,5.5,4.5,191,2020
River Cracraft,WR,9,1,4,10.1,10.1,7.1,187,2020
Robert Foster,WR,4,2,4,5.7,5.7,4.7,190,2020
Ted Ginn Jr.,WR,6,0,4,7,7,5.5,188,2020
Terry Godwin,WR,3,0,4,6.5,6.5,5,192,2020
Tanner Hudson,TE,11,0,4,7.1,7.1,5.6,92,2020
Juwan Johnson,TE,7,4,4,7.9,7.9,5.9,93,2020
Nick Keizer,TE,16,3,4,10.3,11.3,7.3,91,2020
Devine Ozigbo,RB,8,0,4,13.3,13.3,8.8,137,2020
Elijhaa Penny,RB,14,0,4,5.5,5.5,4.5,139,2020
Riley Ridley,WR,5,1,4,7.9,7.9,5.9,189,2020
Kahale Warring,TE,7,0,4,6.5,6.5,5,96,2020
Charlie Woerner,TE,14,0,4,6.6,6.6,5.1,94,2020
Deon Yelder,TE,14,1,4,10.6,10.6,7.1,95,2020
Alex Armah,RB,16,1,3,7.7,7.7,5.2,143,2020
Daniel Brown,WR,16,1,3,5.1,5.1,4.1,193,2020
Stephen Carlson,TE,16,2,3,4.1,4.1,3.6,97,2020
Ben Ellefson,TE,7,4,3,4,4,3.5,98,2020
Antonio Gandy-Golden,WR,6,2,3,3.5,3.5,3,197,2020
Jaeden Graham,TE,16,0,3,5.5,5.5,4,99,2020
Robert Griffin III,QB,4,1,3,2.6,5.6,4.6,67,2020
Tyler Huntley,QB,2,0,3,2.9,2.9,2.9,66,2020
Josh Malone,WR,4,0,3,6.8,6.8,4.8,195,2020
Rashaad Penny,RB,3,0,3,3.4,3.4,3.4,140,2020
Seth Roberts,WR,7,1,3,7.1,7.1,5.1,194,2020
Bo Scarbrough,RB,1,0,3,3.1,3.1,3.1,141,2020
Darrius Shepherd,WR,8,0,3,7.6,8.6,5.1,196,2020
Austin Walter,RB,4,0,3,4,4,3.5,142,2020
LeVante Bellamy,RB,5,0,2,2.6,2.6,2.1,147,2020
David Blough,QB,1,0,2,1.8,2.8,2.8,74,2020
Deontay Burnett,WR,2,0,2,4.9,4.9,3.4,201,2020
Antonio Callaway,WR,5,1,2,4,4,3,200,2020
Joshua Dobbs,QB,1,0,2,2.1,2.1,2.1,70,2020
Rico Dowdle,RB,15,0,2,2.4,2.4,2.4,144,2020
Daurice Fountain,WR,5,0,2,4.3,4.3,3.3,198,2020
Penny Hart,WR,13,0,2,3.2,3.2,2.7,199,2020
Brian Hoyer,QB,1,1,2,2,4,3,71,2020
Jason Huntley,RB,5,0,2,2.9,2.9,2.4,145,2020
Andy Janovich,RB,14,3,2,3.7,3.7,2.7,146,2020
Case Keenum,QB,2,0,2,1.8,1.8,1.8,73,2020
Dalton Keene,TE,6,0,2,4.6,4.6,3.1,100,2020
Tommylee Lewis,WR,5,0,2,2.9,2.9,2.4,202,2020
Donte Moncrief,WR,6,0,2,2.9,2.9,2.4,203,2020
Colby Parkinson,TE,6,0,2,3.6,3.6,2.6,101,2020
Nathan Peterman,QB,1,0,2,1.9,1.9,1.9,72,2020
Scottie Phillips,RB,8,0,2,2.6,2.6,2.1,148,2020
John Ross,WR,3,1,2,3.7,3.7,2.7,204,2020
Eric Saubert,TE,8,4,2,4.6,4.6,3.1,102,2020
Jaleel Scott,WR,1,1,2,2.6,2.6,2.1,205,2020
Tommy Stevens,QB,1,0,2,2.4,2.4,2.4,68,2020
Dwayne Washington,RB,11,0,2,1.5,1.5,1.5,149,2020
Jameis Winston,QB,4,0,2,2.4,2.4,2.4,69,2020
Nick Bellore*,RB,16,0,1,2.4,2.4,1.9,150,2020
Tyler Bray,QB,1,0,1,0.7,0.7,0.7,78,2020
Jake Butt,TE,5,1,1,2.5,2.5,1.5,111,2020
Derek Carrier,TE,16,0,1,2.4,2.4,1.9,103,2020
Chandler Cox,RB,8,3,1,2.9,2.9,1.9,152,2020
Josiah Deguara,TE,2,1,1,2.2,2.2,1.7,104,2020
Gehrig Dieter,WR,4,0,1,2,2,1.5,212,2020
Brandon Dillon,TE,3,0,1,1.6,1.6,1.1,108,2020
D.J. Foster,RB,10,0,1,1.9,1.9,1.4,153,2020
Bennie Fowler,WR,5,0,1,3.1,3.1,2.1,210,2020
Cullen Gillaspia,RB,7,0,1,1.6,1.6,1.1,157,2020
Temarrick Hemingway,TE,8,0,1,2,2,1.5,107,2020
Cody Hollister,WR,2,0,1,2.2,2.2,1.7,209,2020
Trenton Irwin,WR,1,0,1,1.5,1.5,1,213,2020
Blake Jarwin,TE,1,1,1,2.2,2.2,1.7,105,2020
Tony Jones,RB,1,1,1,1.3,1.3,1.3,151,2020
Marcus Kemp,WR,11,0,1,2.1,2.1,1.6,211,2020
Keith Kirkwood,WR,1,0,1,2.3,2.3,1.8,207,2020
John Lovett,TE,8,0,1,0.6,0.6,0.6,109,2020
A.J. McCarron,QB,2,0,1,0.8,0.8,0.8,77,2020
Lamar Miller,RB,1,0,1,2.6,2.6,1.6,158,2020
Senorise Perry,RB,7,0,1,0.9,0.9,0.9,154,2020
James Proche,WR,14,0,1,2.4,2.4,1.9,206,2020
Craig Reynolds,RB,2,0,1,1.7,1.7,1.2,156,2020
Geno Smith,QB,1,0,1,1.1,1.1,1.1,76,2020
Vyncint Smith,WR,7,0,1,2.3,2.3,1.8,208,2020
Jeremy Sprinkle,TE,16,6,1,1.6,1.6,1.1,110,2020
Trevon Wesco,TE,12,4,1,1.5,1.5,1,112,2020
Dexter Williams,RB,3,0,1,0.8,0.8,0.8,155,2020
Jonathan Williams,RB,5,0,1,4.6,5.6,2.6,159,2020
Luke Willson,TE,8,0,1,2.2,2.2,1.7,106,2020
Logan Woodside,QB,6,0,1,1.3,1.3,1.3,75,2020
Antony Auclair,,8,2,,,,,115,2020
Tavon Austin,WR,4,0,,5,6,2.5,215,2020
Alex Bachman,,1,0,,,,,216,2020
Jeff Badet,,3,0,,,,,217,2020
Jake Bargas,,1,0,,,,,163,2020
Kenjon Barner,,6,0,,,,,164,2020
Marcus Baugh,TE,8,1,,1.2,1.2,0.7,114,2020
Evan Baylis,,5,1,,,,,116,2020
Andrew Beck,,10,0,,,,,117,2020
Nate Becker,,1,0,,,,,118,2020
Reggie Begelton,,1,0,,,,,218,2020
Rashod Berry,,3,0,,,,,119,2020
Darius Bradwell,,2,0,,,,,165,2020
Tony Brooks-James,RB,1,0,,0.4,0.4,0.4,160,2020
Fred Brown,,1,0,,,,,219,2020
Tony Brown,,1,0,,,,,220,2020
Deante Burton,,4,0,,,,,221,2020
Hakeem Butler,,2,0,,,,,222,2020
Deon Cain,,2,0,,,,,223,2020
Raymond Calais,,4,0,,,,,166,2020
Dan Chisena,,14,0,,,,,224,2020
Matt Cole,,1,0,,,,,225,2020
Nathan Cottrell,,8,0,,,,,167,2020
Isaiah Coulter,,1,0,,,,,226,2020
Jeremy Cox,,7,1,,,,,168,2020
Sean Culkin,,1,0,,,,,120,2020
Tyler Davis,,8,0,,,,,121,2020
Seth Devalve,,4,0,,,,,122,2020
Keelan Doss,,1,0,,,,,227,2020
Trey Edmunds,,4,0,,,,,169,2020
Rico Gafford,,3,0,,,,,228,2020
Zach Gentry,,2,1,,,,,123,2020
Cyril Grayson,,3,0,,,,,229,2020
Farrod Green,,1,0,,,,,124,2020
Garrett Griffin,,4,3,,,,,125,2020
Justin Hardee,,10,0,,,,,230,2020
Clark Harris,,16,0,,,,,126,2020
Daniel Helm,,5,0,,,,,127,2020
Hale Hentges,,1,0,,,,,128,2020
J.P. Holtz,,16,1,,,,,129,2020
Johnny Holton,,1,0,,,,,231,2020
Brycen Hopkins,,5,0,,,,,130,2020
Taiwan Jones,,13,0,,,,,170,2020
Xavier Jones,,13,0,,,,,171,2020
Javon Leake,,1,0,,,,,172,2020
Jordan Matthews,,2,0,,,,,232,2020
Sean McKeon,,14,1,,,,,131,2020
Kirk Merritt,,1,0,,,,,233,2020
Marken Michel,,2,0,,,,,234,2020
Bruce Miller,RB,8,5,,1.2,1.2,0.7,162,2020
Chris Moore,,3,0,,,,,235,2020
Jason Moore,,2,0,,,,,236,2020
Stanley Morgan Jr.,,6,0,,,,,237,2020
Chris Myarick,,3,0,,,,,132,2020
Jojo Natson,WR,3,0,,0.3,0.3,0.3,214,2020
Isaac Nauta,TE,7,0,,1.3,1.3,0.8,113,2020
Qadree Ollison,RB,3,0,,0.3,0.3,0.3,161,2020
Sewo Olonilua,,2,0,,,,,173,2020
K.J. Osborn,,9,0,,,,,238,2020
Dezmon Patmon,,1,0,,,,,239,2020
Trey Quinn,,1,0,,,,,240,2020
Kevin Rader,,1,1,,,,,133,2020
Chris Rowland,,2,0,,,,,241,2020
Matt Schaub,QB,1,0,,-0.4,-0.4,-0.4,80,2020
Mason Schreck,,14,1,,,,,134,2020
Ricky Seals-Jones,,2,0,,,,,135,2020
Tajae Sharpe,,4,0,,,,,242,2020
Matthew Slater*,,16,0,,,,,243,2020
Wendell Smallwood,,1,0,,,,,174,2020
Matt Sokol,,2,0,,,,,136,2020
Easton Stick,QB,1,0,,,,,79,2020
Stephen Sullivan,,1,0,,,,,137,2020
Taywan Taylor,,3,0,,,,,244,2020
Noah Togiai,,4,0,,,,,138,2020
Eric Tomlinson,,7,2,,,,,139,2020
Ross Travis,,1,0,,,,,140,2020
Malik Turner,,6,0,,,,,245,2020
Michael Warren,,1,0,,,,,175,2020
Derek Watt,,12,0,,,,,2,2020
Joe Webb,,2,0,,,,,246,2020
Kevin White,,3,0,,,,,247,2020
Kristian Wilkerson,,1,0,,,,,248,2020
Derrick Willies,,1,0,,,,,249,2020
Duke Williams,,1,0,,,,,250,2020
Caleb Wilson,,5,0,,,,,141,2020
Juwann Winfree,,2,0,,,,,251,2020
Tim Boyle,QB,8,0,-1,-0.9,-0.9,-0.9,81,2020
DeAndre Carter,WR,13,0,-1,-0.2,0.8,-0.7,253,2020
Adrian Killins,RB,1,0,-1,,,-0.5,176,2020
Andre Roberts*,WR,15,0,-1,3.1,5.1,1.1,252,2020
Dwayne Harris,,3,0,-2,-2,-1,-2,255,2020
Nate Sudfeld,QB,1,0,-2,-1.5,0.5,-0.5,82,2020
Nsimba Webster,,16,0,-2,-2,-1,-2,256,2020
Dede Westbrook,WR,2,0,-2,-0.6,0.4,-1.1,254,2020
Kendall Hinton,WR,1,0,-3,-2.8,-0.8,-0.8,257,2020
Jonathan Taylor*+,RB,17,17,333,373.1,381.1,353.1,1,2021
Cooper Kupp*+,WR,17,17,295,439.5,442.5,367,1,2021
Deebo Samuel*+,WR,16,15,262,339,347,300.5,2,2021
Josh Allen,QB,17,17,403,402.6,426.6,417.6,1,2021
Austin Ekeler,RB,16,16,274,343.8,352.8,308.8,2,2021
Justin Herbert*,QB,17,17,381,380.8,402.8,395.8,2,2021
Tom Brady*,QB,17,17,375,374.7,392.7,386.7,3,2021
Mark Andrews*+,TE,17,9,194,301.1,304.1,247.6,1,2021
Ja'Marr Chase*,WR,17,17,224,304.6,308.6,264.1,3,2021
Justin Jefferson*,WR,17,17,222,330.4,334.4,276.4,4,2021
Joe Mixon*,RB,16,16,246,287.9,294.9,266.9,3,2021
Davante Adams*+,WR,16,16,221,344.3,347.3,282.8,5,2021
Patrick Mahomes*,QB,17,17,362,361.7,384.7,374.7,4,2021
Najee Harris*,RB,17,17,227,300.7,306.7,263.7,4,2021
Travis Kelce*,TE,16,16,171,262.8,266.8,216.8,2,2021
James Conner*,RB,15,6,221,257.7,263.7,239.2,5,2021
Mike Evans*,WR,16,16,189,262.5,265.5,225.5,6,2021
Aaron Rodgers*+,QB,16,16,332,333.3,343.3,336.8,5,2021
Tyreek Hill*,WR,17,16,186,296.5,300.5,241,7,2021
Matthew Stafford,QB,17,17,330,329.7,351.7,346.7,6,2021
Stefon Diggs*,WR,17,17,183,285.5,288.5,234,8,2021
Ezekiel Elliott,RB,17,17,205,252.1,259.1,228.6,6,2021
Dak Prescott,QB,16,16,321,320.6,342.6,330.6,7,2021
Nick Chubb*,RB,14,14,195,215.3,222.3,205.3,7,2021
Mike Williams,WR,16,14,171,246.6,249.6,208.6,9,2021
D.K. Metcalf,WR,17,17,169,244.3,247.3,206.8,10,2021
Tyler Lockett,WR,16,16,168,241.4,244.4,204.9,11,2021
Damien Harris,RB,15,15,192,210.1,218.1,201.1,8,2021
Joe Burrow,QB,16,16,314,314.2,336.2,328.2,8,2021
Diontae Johnson*,WR,16,14,167,274.4,279.4,220.9,12,2021
Jalen Hurts,QB,15,15,312,312.2,329.2,321.2,9,2021
Alvin Kamara*,RB,13,10,188,234.7,240.7,211.2,9,2021
Antonio Gibson,RB,16,14,187,229.1,239.1,208.1,10,2021
Leonard Fournette,RB,14,13,187,255.6,261.6,221.1,11,2021
Dalton Schultz,TE,17,15,131,208.8,211.8,169.8,3,2021
Cordarrelle Patterson,RB,16,13,183,234.6,240.6,208.6,12,2021
George Kittle*,TE,14,14,127,198,202,162.5,4,2021
Hunter Renfrow*,WR,17,9,156,259.1,263.1,207.6,13,2021
CeeDee Lamb*,WR,16,13,154,232.8,235.8,193.3,14,2021
Kyler Murray*,QB,14,14,300,300.5,316.5,310.5,10,2021
Kirk Cousins*,QB,16,16,300,300.3,315.3,307.3,11,2021
Aaron Jones,RB,15,15,177,229,236,203,13,2021
Keenan Allen*,WR,16,16,152,257.8,260.8,204.8,15,2021
Derrick Henry,RB,8,8,175,193.3,199.3,184.3,14,2021
Michael Pittman Jr.,WR,17,17,151,238.6,241.6,194.6,16,2021
Dalvin Cook*,RB,13,13,172,206.3,214.3,189.3,15,2021
Josh Jacobs,RB,15,14,172,226,234,199,16,2021
Rob Gronkowski,TE,12,12,116,171.2,174.2,143.7,5,2021
Tee Higgins,WR,14,14,145,219.1,223.1,182.1,17,2021
Dawson Knox,TE,15,14,115,164.1,167.1,139.6,6,2021
D.J. Moore,WR,17,17,145,237.5,241.5,191,18,2021
Chris Godwin,WR,14,14,144,242.4,247.4,193.4,19,2021
Hunter Henry,TE,17,10,114,164.3,167.3,139.3,7,2021
Melvin Gordon,RB,16,16,167,195.1,204.1,181.1,17,2021
Jaylen Waddle,WR,16,16,142,245.8,249.8,193.8,21,2021
Brandin Cooks,WR,16,16,142,231.8,234.8,186.8,20,2021
Dallas Goedert,TE,15,14,109,165,168,137,8,2021
Darnell Mooney,WR,17,14,139,219.7,222.7,179.2,22,2021
Kyle Pitts*,TE,17,15,109,176.6,179.6,142.6,9,2021
Javonte Williams,RB,17,1,162,204.9,211.9,183.4,18,2021
Amon-Ra St. Brown,WR,17,9,137,227.3,230.3,182.3,23,2021
Zach Ertz,TE,17,14,107,180.7,183.7,143.7,10,2021
Terry McLaurin,WR,17,17,137,213.5,216.5,175,24,2021
Marquise Brown,WR,16,16,135,226.3,230.3,180.8,25,2021
Amari Cooper,WR,15,14,135,202.5,205.5,168.5,26,2021
Devin Singletary,RB,17,16,158,197.8,203.8,177.8,19,2021
Adam Thielen,WR,13,13,133,199.8,202.8,166.3,27,2021
Christian Kirk,WR,17,11,131,207.6,210.6,169.1,28,2021
David Montgomery,RB,13,13,153,195,203,175,20,2021
AJ Dillon,RB,17,2,152,185.6,192.6,168.6,21,2021
Kendrick Bourne,WR,17,5,126,180.5,187.5,153,29,2021
Darrel Williams,RB,17,7,149,196,202,172.5,22,2021
D'Andre Swift,RB,13,4,147,208.9,215.9,177.9,23,2021
Mike Gesicki,TE,17,9,92,165,168,128.5,11,2021
Nick Ralston,,4,0,,,,,2,2021
Elijah Mitchell,RB,11,10,146,165,171,155.5,24,2021
Tory Carter,,8,2,,,,,1,2021
Ryan Tannehill,QB,17,17,268,268.4,292.4,282.4,12,2021
Carson Wentz,QB,17,17,258,258,276,265,13,2021
Derek Carr,QB,17,17,257,257,282,271,14,2021
Russell Wilson*,QB,14,14,243,242.8,255.8,248.8,15,2021
Lamar Jackson*,QB,12,12,240,240,262,253,16,2021
Jimmy Garoppolo,QB,15,15,228,227.5,245.5,239.5,17,2021
Mac Jones*,QB,17,17,225,224.9,246.9,237.9,18,2021
Matt Ryan,QB,17,17,223,222.9,241.9,234.9,19,2021
Taylor Heinicke,QB,16,15,222,222.9,245.9,237.4,20,2021
Ben Roethlisberger,QB,16,16,218,218.1,236.1,228.1,21,2021
Teddy Bridgewater,QB,14,14,203,202.7,216.7,209.7,22,2021
Trevor Lawrence,QB,17,17,199,199,227,216,23,2021
Jared Goff,QB,14,14,195,194.5,211.5,202.5,24,2021
Baker Mayfield,QB,14,14,181,180.9,202.9,193.9,26,2021
Tua Tagovailoa,QB,13,12,181,180.9,197.9,190.9,25,2021
Daniel Jones,QB,11,11,167,167.5,183.5,174,27,2021
Sam Darnold,QB,12,11,157,157.3,180.3,170.3,28,2021
Davis Mills,QB,13,11,157,157,171,167,29,2021
Zach Wilson,QB,13,13,152,151.9,169.9,162.9,30,2021
James Robinson,RB,14,13,143,173.9,181.9,158.4,25,2021
Darrell Henderson,RB,12,10,134,163.4,169.4,148.9,26,2021
Justin Fields,QB,12,10,127,126.8,147.8,136.8,31,2021
Myles Gaskin,RB,17,10,125,173.6,180.6,149.1,28,2021
Sony Michel,RB,17,7,125,146.3,153.3,135.8,27,2021
Tony Pollard,RB,15,0,124,162.6,168.6,143.1,29,2021
DeVonta Smith,WR,17,16,122,185.6,189.6,153.6,30,2021
A.J. Brown,WR,13,13,118,180.9,183.9,149.4,32,2021
Michael Carter,RB,14,11,118,154.4,161.4,136.4,30,2021
Taysom Hill,QB,12,9,118,121.7,132.7,124.7,32,2021
Van Jefferson,WR,17,17,118,168.2,171.2,143.2,31,2021
Tyler Boyd,WR,16,10,117,183.8,186.8,150.3,33,2021
Jameis Winston,QB,7,7,117,117.4,127.4,120.4,33,2021
Rashaad Penny,RB,10,6,116,121.7,124.7,118.7,31,2021
Brandon Aiyuk,WR,17,16,114,170.3,174.3,142.3,34,2021
Devonta Freeman,RB,16,8,113,146.6,152.6,129.6,32,2021
Chuba Hubbard,RB,17,10,113,137.6,144.6,125.1,33,2021
K.J. Osborn,WR,17,9,109,158.5,161.5,133.5,35,2021
Saquon Barkley,RB,13,13,108,148.6,155.6,128.1,34,2021
Chase Claypool,WR,15,13,108,166.6,169.6,137.1,36,2021
Marvin Jones,WR,17,16,107,180.2,183.2,143.7,37,2021
Marquez Callaway,WR,17,11,106,151.8,154.8,128.8,38,2021
DeAndre Hopkins,WR,10,10,105,147.2,150.2,126.2,39,2021
Devontae Booker,RB,16,4,104,144.1,150.1,124.1,35,2021
A.J. Green,WR,16,9,103,156.8,159.8,129.8,43,2021
Allen Lazard,WR,15,13,103,142.5,145.5,122.5,44,2021
Jakobi Meyers,WR,17,16,103,186.3,190.3,144.8,41,2021
Tim Patrick,WR,16,16,103,156.4,159.4,129.9,40,2021
Cedrick Wilson Jr.,WR,16,4,103,147.8,150.8,125.3,42,2021
Rhamondre Stevenson,RB,12,2,101,114.9,121.9,107.9,36,2021
Chase Edmonds,RB,12,11,100,143.3,150.3,121.8,37,2021
Clyde Edwards-Helaire,RB,10,10,99,117.6,125.6,108.1,38,2021
Russell Gage,WR,14,9,97,163,168,130,45,2021
Elijah Moore,WR,11,6,95,138.2,141.2,116.7,46,2021
Mike Davis,RB,17,8,94,138.2,147.2,116.2,39,2021
Alexander Mattison,RB,16,4,94,125.9,132.9,109.9,40,2021
Latavius Murray,RB,14,6,94,103.6,106.6,98.6,42,2021
Jamaal Williams,RB,13,11,94,119.8,125.8,106.8,41,2021
Pat Freiermuth,TE,16,9,92,151.7,155.7,121.7,12,2021
Courtland Sutton,WR,17,16,92,150.2,153.2,121.2,47,2021
Robert Woods,WR,9,9,92,137.2,140.2,114.7,48,2021
Gabriel Davis,WR,16,4,91,125.9,128.9,108.4,49,2021
Noah Fant,TE,16,16,91,159,162,125,13,2021
Christian McCaffrey,RB,7,7,91,127.5,133.5,109,44,2021
Miles Sanders,RB,12,12,91,117.2,124.2,104.2,43,2021
Kenneth Gainwell,RB,16,1,90,123.4,130.4,106.9,45,2021
Emmanuel Sanders,WR,14,13,90,131.7,134.7,110.7,50,2021
Trevor Siemian,QB,6,4,90,90.2,97.2,93.2,34,2021
Kareem Hunt,RB,8,1,88,110,116,99,46,2021
Robby Anderson,WR,17,16,86,138.5,141.5,112,51,2021
Tyler Higbee,TE,15,15,86,147,150,116.5,14,2021
Cam Newton,QB,8,5,86,86.4,98.4,91.4,35,2021
Boston Scott,RB,16,4,86,98.6,102.6,92.1,47,2021
Odell Beckham Jr.,WR,14,13,85,129.1,132.1,107.1,52,2021
D'Onta Foreman,RB,9,3,85,93.9,100.9,89.4,49,2021
D'Ernest Johnson,RB,17,2,85,104.1,110.1,94.6,48,2021
J.D. McKissic,RB,11,3,85,127.9,133.9,106.4,50,2021
Byron Pringle,WR,17,5,85,126.8,130.8,105.8,53,2021
Jared Cook,TE,16,10,84,132.4,135.4,108.4,15,2021
Andy Dalton,QB,8,6,84,84.2,97.2,93.2,36,2021
T.J. Hockenson,TE,12,12,84,145.3,148.3,114.8,16,2021
Kalif Raymond,WR,16,14,84,132.4,135.4,108.4,54,2021
Brandon Bolden,RB,17,1,83,124.1,130.1,103.6,51,2021
Tyler Huntley,QB,7,4,83,82.6,95.6,86.6,37,2021
Ty Johnson,RB,16,3,83,117,124,100,52,2021
Mecole Hardman,WR,17,8,82,140.9,145.9,111.4,55,2021
Mark Ingram,RB,14,10,82,108.6,115.6,95.1,54,2021
Zack Moss,RB,13,0,82,105.2,112.2,93.7,53,2021
Tyrod Taylor,QB,6,6,82,81.7,92.7,86.7,38,2021
Jarvis Landry,WR,12,12,81,133,138,107,56,2021
Antonio Brown,WR,7,3,79,121.1,124.1,100.1,57,2021
Rex Burkhead,RB,16,5,79,104.3,110.3,91.8,55,2021
C.J. Uzomah,TE,16,16,79,128.3,131.3,103.8,17,2021
Darren Waller,TE,11,11,79,133.5,136.5,106,18,2021
Cole Beasley,WR,16,8,77,159.3,162.3,118.3,58,2021
Tyler Conklin,TE,17,15,77,138.3,141.3,107.8,19,2021
Deonte Harris,WR,13,1,77,113.1,117.1,95.1,59,2021
Donovan Peoples-Jones,WR,14,9,76,109.7,113.7,92.7,60,2021
Braxton Berrios+,WR,16,1,75,121.1,125.1,98.1,61,2021
Bryan Edwards,WR,16,12,75,109.1,112.1,92.1,62,2021
Kenyan Drake,RB,12,2,73,102.5,108.5,87.5,57,2021
Nyheim Hines,RB,17,4,73,112.6,120.6,92.6,56,2021
Quez Watkins,WR,17,12,73,116,119,94.5,63,2021
Jacoby Brissett,QB,11,5,72,72.3,82.3,76.3,39,2021
David Njoku,TE,16,11,72,107.6,110.6,89.6,20,2021
Corey Davis,WR,9,9,71,105.2,109.2,88.2,64,2021
Gerald Everett,TE,15,12,70,117.8,122.8,93.8,21,2021
Nick Westbrook-Ikhine,WR,16,7,70,107.6,111.6,88.6,65,2021
Ronald Jones II,RB,16,3,69,79.2,84.2,74.2,58,2021
Nelson Agholor,WR,15,13,66,103.4,106.4,84.9,66,2021
Randall Cobb,WR,12,3,66,93.6,97.6,79.6,68,2021
Jalen Guyton,WR,16,2,66,97.2,100.2,81.7,67,2021
Khalil Herbert,RB,17,2,65,78.9,81.9,71.9,59,2021
Trey Lance,QB,6,2,65,64.9,72.9,66.9,40,2021
Justin Jackson,RB,14,2,64,86.2,93.2,75.2,60,2021
DeVante Parker,WR,10,8,64,103.5,106.5,83.5,70,2021
Laviska Shenault Jr.,WR,16,10,64,127,131,95.5,69,2021
DeAndre Carter,WR,17,6,63,86.5,89.5,74.5,71,2021
Freddie Swain,WR,17,8,62,86.5,89.5,74,72,2021
Jordan Howard,RB,7,0,61,62.5,65.5,61.5,61,2021
Cole Kmet,TE,17,17,61,121.2,124.2,91.2,22,2021
Henry Ruggs III,WR,7,7,61,84.5,87.5,72.5,74,2021
Marquez Valdes-Scantling,WR,11,7,61,87,90,74,73,2021
Alex Collins,RB,11,6,60,68.8,72.8,64.3,62,2021
Josh Palmer,WR,17,5,60,92.9,95.9,76.4,75,2021
Jamison Crowder,WR,12,4,59,109.7,113.7,84.2,78,2021
Zay Jones,WR,17,9,59,105.9,109.9,82.4,76,2021
Olamide Zaccheaus,WR,17,8,59,89.8,92.8,74.3,77,2021
Rashod Bateman,WR,12,4,58,103.5,106.5,80.5,80,2021
Jauan Jennings,WR,16,1,58,82.2,85.2,70.2,79,2021
Evan Engram,TE,15,12,57,102.5,106.5,79.5,23,2021
Michael Gallup,WR,9,8,57,91.5,94.5,74,81,2021
Zach Pascal,WR,16,13,57,94.5,98.5,75.5,82,2021
Mo Alie-Cox,TE,17,7,56,79.6,82.6,67.6,24,2021
DeSean Jackson,WR,16,4,56,75.8,79.8,65.8,83,2021
Samaje Perine,RB,16,0,56,83.2,89.2,69.7,63,2021
Tre'Quan Smith,WR,11,6,56,87.7,90.7,71.7,84,2021
Austin Hooper,TE,16,16,55,92.5,95.5,73.5,26,2021
Duke Johnson,RB,5,4,55,59.1,62.1,57.1,64,2021
Rondale Moore,WR,14,7,55,109.1,113.1,82.1,85,2021
Foster Moreau,TE,17,11,55,85.3,88.3,70.3,25,2021
Dontrell Hilliard,RB,8,5,54,72.7,76.7,63.2,65,2021
Geno Smith,QB,4,3,54,54.3,59.3,55.3,41,2021
Ameer Abdullah,RB,17,1,52,89.5,95.5,70.5,66,2021
Jamal Agnew,WR,10,2,52,76,82,64,87,2021
Kenny Golladay,WR,14,14,52,89.1,92.1,70.6,86,2021
Josh Reynolds,WR,12,5,52,80.6,83.6,66.1,88,2021
Keelan Cole,WR,15,11,51,78.9,81.9,64.9,90,2021
Nico Collins,WR,14,8,51,83.6,86.6,67.1,91,2021
T.Y. Hilton,WR,10,9,51,74.1,77.1,62.6,89,2021
Drew Lock,QB,6,3,51,51.9,57.9,53.4,42,2021
Jack Doyle,TE,17,14,50,79.2,82.2,64.7,27,2021
Devin Duvernay*+,WR,16,7,50,83.2,86.2,66.7,92,2021
Cameron Brate,TE,17,3,49,78.5,81.5,63.5,28,2021
David Johnson,RB,13,4,49,81.3,88.3,65.3,67,2021
Julio Jones,WR,10,10,49,80.4,83.4,64.9,93,2021
Allen Robinson,WR,12,11,49,87,90,68,95,2021
Laquon Treadwell,WR,12,7,49,82.4,85.4,65.9,94,2021
Derrick Gore,RB,11,0,48,56.1,62.1,52.1,68,2021
Jerry Jeudy,WR,10,5,47,85,88,66,96,2021
Mack Hollins,WR,17,3,46,60.3,63.3,53.3,97,2021
Travis Homer,RB,14,0,46,61.8,67.8,53.8,70,2021
Josh Johnson,QB,4,1,46,46.3,51.3,48.3,43,2021
Jeremy McNichols,RB,14,0,46,73.6,79.6,59.6,71,2021
Jaret Patterson,RB,17,1,46,55.9,58.9,50.9,69,2021
Danny Amendola,WR,8,0,45,68.8,71.8,56.8,99,2021
Anthony Firkser,TE,15,1,45,79.1,83.1,62.1,29,2021
Jalen Reagor,WR,17,13,45,78.1,81.1,61.6,98,2021
Damien Williams,RB,12,2,45,60.7,66.7,52.7,72,2021
Jeff Wilson,RB,9,4,45,51.5,54.5,48,73,2021
Kyle Juszczyk*,RB,17,16,44,73.8,76.8,58.8,74,2021
Demarcus Robinson,WR,17,10,44,69.4,72.4,56.9,100,2021
Mike White,QB,4,3,44,44,55,52,44,2021
Chris Conley,WR,16,10,43,64.6,68.6,53.6,103,2021
Albert Okwuegbunam,TE,14,6,43,76,80,59.5,30,2021
Darius Slayton,WR,13,5,43,68.6,72.6,55.6,104,2021
Kadarius Toney,WR,10,4,43,82.4,85.4,62.9,102,2021
Sammy Watkins,WR,13,9,43,70.4,74.4,56.9,101,2021
Chris Carson,RB,4,4,42,48.1,52.1,45.1,75,2021
Sterling Shepard,WR,7,6,42,77.7,80.7,59.7,106,2021
James Washington,WR,15,2,42,65.8,68.8,53.8,105,2021
Dan Arnold,TE,11,4,41,75.8,79.8,58.3,32,2021
Harrison Bryant,TE,16,3,41,62.3,65.3,51.8,31,2021
Tevin Coleman,RB,11,5,41,51.5,54.5,46,77,2021
Phillip Lindsay,RB,14,1,41,45.4,48.4,43.4,76,2021
Colt McCoy,QB,8,3,41,41.3,46.3,42.3,45,2021
Peyton Barber,RB,10,1,40,49.9,52.9,44.9,78,2021
Juwan Johnson,TE,14,2,40,52.9,55.9,46.4,33,2021
Calvin Ridley,WR,5,5,40,71.1,74.1,55.6,107,2021
Damiere Byrd,WR,17,4,39,64.9,68.9,51.9,108,2021
DeeJay Dallas,RB,17,0,39,60.1,66.1,49.6,79,2021
Ashton Dulin,WR,17,1,39,51.5,54.5,45,110,2021
Donald Parham,TE,14,9,39,59,62,49,36,2021
Ricky Seals-Jones,TE,13,6,39,69.1,72.1,54.1,35,2021
Jonnu Smith,TE,16,11,39,67.4,70.4,53.4,34,2021
Geoff Swaim,TE,16,16,39,70,73,54.5,37,2021
Antoine Wesley,WR,15,4,39,57.8,60.8,48.3,109,2021
Ryan Griffin,TE,14,12,38,65.1,68.1,51.6,38,2021
Adam Humphries,WR,17,11,38,79.3,82.3,58.8,111,2021
Hayden Hurst,TE,13,5,38,64.1,68.1,51.1,39,2021
Josiah Deguara,TE,16,2,37,61.5,64.5,49,41,2021
Marquise Goodwin,WR,14,2,37,57.2,60.2,47.2,112,2021
Jimmy Graham,TE,15,6,37,50.7,53.7,43.7,40,2021
Lil'Jordan Humphrey,WR,10,4,37,49.9,52.9,43.4,113,2021
Dare Ogunbowale,RB,17,2,37,50.1,56.1,43.6,80,2021
Giovani Bernard,RB,12,0,36,59.1,62.1,47.6,81,2021
Matt Breida,RB,9,0,36,42.7,46.7,39.2,82,2021
Tyler Johnson,WR,17,3,36,72,75,54,114,2021
Brevin Jordan,TE,9,2,36,55.8,58.8,45.8,44,2021
Durham Smythe,TE,17,12,36,70,73,53,43,2021
Logan Thomas,TE,6,6,36,53.6,57.6,44.6,45,2021
Adam Trautman,TE,13,10,36,63.3,67.3,49.8,42,2021
Chris Evans,RB,14,1,35,49.8,52.8,42.3,83,2021
Cyril Grayson,WR,5,3,35,44.6,47.6,39.6,117,2021
Chris Moore,WR,12,1,35,55.7,58.7,45.2,116,2021
MyCole Pruitt,TE,16,9,35,48.5,51.5,41.5,46,2021
Chester Rogers,WR,16,2,35,65,69,50,115,2021
Quintez Cephus,WR,5,3,34,49.4,52.4,41.9,118,2021
Rashard Higgins,WR,15,4,34,57.5,60.5,45.5,120,2021
Carlos Hyde,RB,12,2,34,45.8,50.8,39.8,84,2021
Gardner Minshew II,QB,4,2,34,33.7,37.7,34.7,46,2021
Kyle Rudolph,TE,16,13,34,59.7,62.7,46.7,47,2021
Cam Sims,WR,14,3,34,48.8,51.8,41.3,119,2021
Le'Veon Bell,RB,8,0,33,38.1,41.1,35.6,85,2021
Demetric Felton,RB,16,2,33,50.5,53.5,41.5,88,2021
Isaiah McKenzie,WR,15,2,33,52.5,56.5,42.5,122,2021
Tommy Tremble,TE,16,11,33,53.1,56.1,43.1,48,2021
Malik Turner,WR,14,0,33,44.9,47.9,38.9,121,2021
Ke'Shawn Vaughn,RB,12,1,33,36.6,39.6,34.6,87,2021
Ty'Son Williams,RB,13,3,33,41.9,44.9,37.4,86,2021
Robert Tonyan,TE,8,5,32,50.4,53.4,41.4,49,2021
John Bates,TE,17,8,31,50.9,53.9,40.9,50,2021
Mike Glennon,QB,6,4,31,30.9,46.9,40.9,47,2021
Brandon Zylstra,WR,13,3,31,49,52,40,123,2021
John Ross,WR,10,1,30,41,44,35.5,124,2021
Will Dissly,TE,15,14,29,50.1,53.1,39.6,51,2021
Jakeem Grant*,WR,15,0,29,39.5,45.5,34,125,2021
Case Keenum,QB,7,2,29,28.7,33.7,29.7,48,2021
Isaiah Ford,WR,13,2,28,40.1,43.1,34.1,126,2021
Craig Reynolds,RB,5,2,28,35.2,38.2,31.7,89,2021
Greg Ward,WR,17,0,28,34.6,34.6,31.1,127,2021
Salvon Ahmed,RB,12,0,27,38.6,44.6,32.6,91,2021
Tavon Austin,WR,13,3,27,51.4,55.4,39.4,128,2021
DJ Chark,WR,4,4,27,34.4,37.4,30.9,129,2021
Jamycal Hasty,RB,11,0,27,49.5,53.5,38,92,2021
Ray-Ray McCloud,WR,16,5,27,66.2,70.2,46.7,130,2021
Elijhaa Penny,RB,17,3,27,35.9,35.9,31.4,90,2021
James O'Shaughnessy,TE,7,6,26,50.4,53.4,38.4,52,2021
Royce Freeman,RB,15,0,25,34.6,37.6,29.6,94,2021
Trey Sermon,RB,9,2,25,28.3,31.3,26.8,93,2021
Maxx Williams,TE,5,5,25,41.3,44.3,33.3,53,2021
Tim Boyle,QB,5,3,24,24.3,33.3,30.3,49,2021
Joe Flacco,QB,2,1,24,23.8,27.8,23.8,51,2021
Kendall Hinton,WR,16,1,24,38.5,41.5,31,132,2021
Cooper Rush,QB,5,1,24,24.1,29.1,25.1,50,2021
Ihmir Smith-Marsette,WR,8,1,24,28.6,31.6,26.1,131,2021
Brock Wright,TE,10,5,24,35.7,38.7,29.7,54,2021
Stephen Anderson,TE,17,4,23,38.5,41.5,30.5,56,2021
Corey Clement,RB,17,0,23,28.9,31.9,25.9,95,2021
Tyler Kroft,TE,9,6,23,39.3,42.3,31.3,55,2021
Jerick McKinnon,RB,13,0,23,35.9,38.9,29.4,96,2021
Adrian Peterson,RB,4,3,23,26.6,26.6,24.6,97,2021
Anthony Schwartz,WR,14,2,23,33.4,36.4,28.4,133,2021
Tajae Sharpe,WR,15,7,23,48,51,35.5,134,2021
Albert Wilson,WR,14,5,23,48,51,35.5,135,2021
Eno Benjamin,RB,9,0,22,28,31,25,98,2021
Parris Campbell,WR,6,3,22,32.2,35.2,27.2,137,2021
Blake Jarwin,TE,8,5,22,32.6,32.6,27.1,57,2021
Jermar Jefferson,RB,7,0,22,25.7,25.7,23.7,99,2021
Breshad Perriman,WR,6,0,22,33.4,36.4,27.9,136,2021
Eric Ebron,TE,8,3,21,32.5,32.5,26.5,59,2021
Marcedes Lewis,TE,17,17,21,44.4,47.4,32.9,58,2021
Jordan Love,QB,6,1,21,21.1,28.1,24.1,52,2021
Malcolm Brown,RB,7,3,20,22.5,25.5,21,101,2021
O.J. Howard,TE,17,9,20,33.5,36.5,26.5,60,2021
Godwin Igwebuike,RB,17,1,20,26.8,31.8,23.3,100,2021
James Proche,WR,14,0,20,36.2,39.2,28.2,138,2021
JuJu Smith-Schuster,WR,5,5,20,34.8,37.8,27.3,139,2021
Kene Nwangwu,RB,11,0,19,23,23,21,103,2021
Ian Thomas,TE,17,13,19,36.8,39.8,27.8,62,2021
Nick Vannett,TE,7,2,19,28.3,31.3,23.8,61,2021
James White,RB,3,0,19,31.2,31.2,25.2,102,2021
Jordan Akins,TE,13,3,18,41.7,46.7,29.7,63,2021
Noah Brown,WR,13,1,18,34.4,37.4,26.4,140,2021
D'Wayne Eskridge,WR,10,0,18,28.3,28.3,23.3,141,2021
KhaDarel Hodge,WR,16,1,18,30.7,33.7,24.2,142,2021
Mason Rudolph,QB,2,1,18,18.4,19.4,19.4,53,2021
Mohamed Sanu,WR,8,0,18,32.7,35.7,25.2,143,2021
Nick Foles,QB,1,1,17,16.8,16.8,16.8,54,2021
Joe Fortson,TE,6,0,17,21.7,21.7,19.2,64,2021
Zach Gentry,TE,17,12,17,35.7,38.7,26.2,65,2021
Tony Jones,RB,11,4,17,22.1,25.1,19.6,104,2021
Austin Walter,RB,4,0,17,19,22,18,105,2021
Jonathan Williams,RB,5,0,17,20.7,20.7,18.7,106,2021
Dyami Brown,WR,15,6,16,28.1,31.1,22.1,146,2021
C.J. Ham,RB,17,8,16,32.9,35.9,24.4,107,2021
N'Keal Harry,WR,12,4,16,28.4,32.4,22.4,144,2021
Marcus Johnson,WR,7,3,16,24.8,27.8,20.3,147,2021
Terrace Marshall Jr.,WR,13,3,16,32.8,35.8,24.3,148,2021
Qadree Ollison,RB,8,0,16,19.7,23.7,17.7,108,2021
Kristian Wilkerson,WR,3,1,16,20.2,20.2,18.2,145,2021
Pharaoh Brown,TE,15,12,15,38.1,42.1,26.6,66,2021
Alec Ingold,RB,9,3,15,24.6,24.6,19.6,110,2021
Marcus Mariota,QB,10,0,15,14.9,14.9,14.9,55,2021
Dante Pettis,WR,3,0,15,25.3,25.3,20.3,149,2021
Larry Rountree,RB,12,0,15,15.6,15.6,15.1,111,2021
Trent Sherfield,WR,17,1,15,23.7,23.7,19.2,150,2021
J.J. Taylor,RB,5,0,15,18.5,19.5,16.5,112,2021
Patrick Taylor,RB,9,0,15,17.2,17.2,16.2,109,2021
Brandon Allen,QB,6,1,14,13.9,13.9,13.9,56,2021
Jesper Horsted,TE,7,0,14,16.1,16.1,15.1,67,2021
Scott Miller,WR,9,0,14,19.1,19.1,16.6,151,2021
Ty Montgomery,WR,14,3,14,29.9,29.9,21.9,152,2021
P.J. Walker,QB,5,1,14,13.8,20.8,16.8,57,2021
Wayne Gallman,RB,8,0,13,13.5,16.5,13,114,2021
Chris Manhertz,TE,17,10,13,19.1,19.1,16.1,68,2021
Sean Mannion,QB,1,1,13,13,13,13,58,2021
Denzel Mims,WR,11,3,13,21.3,24.3,17.3,153,2021
Patrick Ricard*,RB,13,11,13,20.7,20.7,16.7,113,2021
Ben Skowronek,WR,14,1,13,24.3,27.3,18.8,154,2021
Lee Smith,TE,16,6,13,21.5,21.5,17,69,2021
Kenny Stills,WR,13,4,13,18.9,18.9,15.9,155,2021
Michael Burton,RB,16,0,12,14.7,14.7,13.2,116,2021
Jacob Hollister,TE,7,2,12,20.5,20.5,16,71,2021
Brian Hoyer,QB,5,0,12,12.3,12.3,12.3,59,2021
Jesse James,TE,14,9,12,19.2,19.2,15.7,70,2021
Joshua Kelley,RB,10,0,12,17,21,14.5,115,2021
Tom Kennedy,WR,12,0,12,18.4,18.4,15.4,156,2021
Antony Auclair,TE,16,13,11,15.7,15.7,13.2,74,2021
Phillip Dorsett,WR,6,0,11,18,21,14.5,159,2021
Ross Dwelley,TE,17,2,11,15.1,15.1,13.1,72,2021
Dez Fitzpatrick,WR,4,0,11,15.9,15.9,13.4,160,2021
Jake Fromm,QB,3,2,11,10.9,14.9,13.9,60,2021
Kylen Granson,TE,17,0,11,21.6,24.6,16.1,76,2021
Collin Johnson,WR,12,1,11,21.5,24.5,16,161,2021
Marlon Mack,RB,6,0,11,12.9,15.9,11.9,119,2021
Jalen Richard,RB,10,0,11,23.2,23.2,17.2,117,2021
Eric Saubert,TE,17,4,11,18.7,18.7,14.7,75,2021
Adam Shaheen,TE,12,7,11,23,26,17,73,2021
Jeff Smith,WR,12,3,11,19.2,22.2,15.2,157,2021
Benny Snell Jr.,RB,17,0,11,13.1,13.1,12.1,118,2021
Equanimeous St. Brown,WR,13,2,11,20.2,20.2,15.7,158,2021
Ryquell Armstead,RB,2,0,10,12.6,12.6,11.1,121,2021
Blake Bell,TE,16,5,10,18.7,18.7,14.2,79,2021
Trinity Benson,WR,8,2,10,20.3,23.3,15.3,162,2021
Jason Cabinda,RB,14,4,10,13.9,13.9,11.9,120,2021
Noah Gray,TE,16,1,10,16.6,16.6,13.1,80,2021
Chris Herndon,TE,16,5,10,14,14,12,78,2021
Chris Hogan,WR,5,1,10,14.1,14.1,12.1,163,2021
Nick Mullens,QB,1,1,10,9.9,9.9,9.9,61,2021
Shi Smith,WR,6,0,10,16.1,19.1,13.1,164,2021
Tommy Sweeney,TE,13,3,10,19.4,19.4,14.9,77,2021
Auden Tate,WR,7,0,10,12.9,12.9,11.4,165,2021
Cameron Batson,WR,4,0,9,11,11,10,167,2021
Josh Gordon,WR,12,7,9,14.2,14.2,11.7,166,2021
JaQuan Hardy,RB,3,0,9,8.9,8.9,8.9,123,2021
Deon Jackson,RB,9,0,9,9.1,9.1,9.1,122,2021
Andy Janovich,RB,13,3,9,11.9,11.9,10.4,124,2021
Sean McKeon,TE,9,2,9,12.7,12.7,10.7,81,2021
Anthony Miller,WR,3,1,9,14.5,14.5,11.5,168,2021
Keith Smith,RB,17,8,9,17.7,17.7,13.2,125,2021
Kyle Allen,QB,2,0,8,7.9,8.9,7.9,63,2021
Alex Armah,RB,11,2,8,9.2,9.2,8.7,126,2021
Garrett Gilbert,QB,1,1,8,7.8,7.8,7.8,64,2021
Tyree Jackson,TE,9,3,8,11.2,11.2,9.7,82,2021
Chris Myarick,TE,8,3,8,10.7,10.7,9.2,84,2021
Dezmon Patmon,WR,8,0,8,10.1,10.1,9.1,169,2021
Drew Sample,TE,17,8,8,19.1,19.1,13.6,83,2021
Mitchell Trubisky,QB,6,0,8,8.1,9.1,9.1,62,2021
Preston Williams,WR,8,3,8,13.8,13.8,10.8,170,2021
KJ Hamler,WR,3,2,7,12.4,12.4,9.9,171,2021
Josh Oliver,TE,14,1,7,15.6,15.6,11.1,85,2021
Andre Roberts,WR,16,0,7,8.4,10.4,7.9,172,2021
Johnny Stanton,RB,4,0,7,9.2,9.2,8.2,127,2021
Jonathan Ward,RB,13,0,7,9.7,9.7,8.2,128,2021
Dede Westbrook,WR,15,0,7,16.8,16.8,11.8,173,2021
C.J. Board,WR,6,1,6,9.7,9.7,7.7,178,2021
Mike Boone,RB,8,0,6,7.7,7.7,6.7,130,2021
Ja'Marcus Bradley,WR,5,0,6,10.4,10.4,8.4,174,2021
Alex Erickson,WR,17,0,6,8.5,8.5,7,181,2021
Luke Farrell,TE,15,4,6,12.6,12.6,9.1,86,2021
Penny Hart,WR,17,0,6,12.9,12.9,9.4,177,2021
Dax Milne,WR,13,1,6,15.4,16.4,10.9,175,2021
Jason Moore,WR,2,1,6,8.6,8.6,7.1,179,2021
Brandon Powell,,6,0,6,6,6,6,176,2021
Amari Rodgers,WR,16,1,6,9.6,9.6,7.6,180,2021
Ito Smith,RB,1,0,6,6.4,6.4,6.4,129,2021
Trayveon Williams,RB,5,0,6,6.5,6.5,6,131,2021
Jaelon Darden,WR,9,0,5,11.4,11.4,8.4,182,2021
Will Fuller,WR,2,0,5,8.6,8.6,6.6,184,2021
Jason Huntley,RB,1,0,5,5.1,5.1,5.1,132,2021
Tre' McKitty,TE,11,4,5,10.5,10.5,7.5,88,2021
Wendell Smallwood,RB,3,0,5,8.7,8.7,6.7,134,2021
Rodney Smith,RB,2,0,5,9.8,9.8,7.3,133,2021
Mike Thomas,WR,12,1,5,10.2,10.2,7.7,183,2021
Charlie Woerner,TE,17,3,5,10.2,10.2,7.7,87,2021
JJ Arcega-Whiteside,WR,16,2,4,5.6,5.6,4.6,192,2021
Kalen Ballage,RB,17,0,4,6.4,6.4,5.4,135,2021
Kendall Blanton,TE,11,2,4,7.7,7.7,5.7,92,2021
Pharoh Cooper,WR,8,0,4,7.6,7.6,5.6,193,2021
Tyler Davis,TE,14,0,4,7.5,7.5,5.5,94,2021
Greg Dortch,WR,5,2,4,6.9,6.9,5.4,187,2021
Darren Fells,TE,9,5,4,8.3,8.3,6.3,89,2021
Garrett Griffin,TE,13,6,4,7.9,7.9,5.9,91,2021
Parker Hesse,TE,8,1,4,9.3,9.3,6.8,90,2021
Jakob Johnson,RB,17,6,4,8.3,8.3,6.3,136,2021
D.J. Montgomery,WR,3,0,4,6.6,6.6,5.1,194,2021
Gunner Olszewski,WR,16,0,4,6,6,5,186,2021
Curtis Samuel,WR,5,1,4,9.8,9.8,6.8,188,2021
Willie Snead,WR,9,0,4,7.8,7.8,5.8,189,2021
Trent Taylor,WR,4,0,4,6.1,6.1,5.1,185,2021
Trevon Wesco,TE,12,7,4,6.5,6.5,5,95,2021
Kevin White,WR,6,1,4,4.8,4.8,4.3,190,2021
Juwann Winfree,WR,7,0,4,11.8,12.8,7.8,191,2021
Kenny Yeboah,TE,9,0,4,5.6,5.6,4.6,93,2021
Christian Blake,WR,16,0,3,6.5,6.5,4.5,203,2021
Daniel Brown,WR,12,0,3,4.9,4.9,3.9,200,2021
Dominique Dafney,TE,10,2,3,5.4,5.4,4.4,96,2021
Reggie Gilliam,RB,16,5,3,5.6,5.6,4.1,140,2021
Chad Henne,QB,4,0,3,3.3,3.3,3.3,65,2021
K.J. Hill,WR,6,0,3,6,6,4.5,199,2021
Kylin Hill,RB,8,0,3,3.9,3.9,3.4,138,2021
Cody Hollister,WR,3,1,3,7.3,7.3,5.3,197,2021
Tommy Hudson,TE,5,0,3,6.1,6.1,4.6,100,2021
Trenton Irwin,WR,7,0,3,5.4,5.4,4.4,195,2021
Jake Kumerow,WR,15,2,3,4.8,4.8,3.8,201,2021
Gabe Nabers,RB,10,1,3,5.5,5.5,4,141,2021
Colby Parkinson,TE,14,1,3,8.3,8.3,5.8,98,2021
La'Mical Perine,RB,4,0,3,3.1,3.1,3.1,137,2021
Kaden Smith,TE,9,4,3,6.3,6.3,4.8,99,2021
Jeremy Sprinkle,TE,17,4,3,6.1,6.1,4.6,101,2021
Mike Strachan,WR,6,0,3,4.6,4.6,3.6,202,2021
Dwayne Washington,RB,14,0,3,4.8,4.8,3.8,139,2021
Cody White,WR,15,0,3,8.3,8.3,5.8,198,2021
Seth Williams,WR,2,1,3,4.4,4.4,3.9,196,2021
Shane Zylstra,TE,4,0,3,6.4,6.4,4.9,97,2021
Nick Bawden,RB,9,1,2,3,3,2.5,146,2021
C.J. Beathard,QB,2,0,2,1.5,1.5,1.5,69,2021
Reggie Bonnafon,RB,4,0,2,3.6,3.6,2.6,149,2021
Ian Book,QB,1,1,2,2,4,4,67,2021
Cethan Carter,TE,16,1,2,3.6,3.6,2.6,103,2021
Davion Davis,WR,2,1,2,2.7,2.7,2.2,207,2021
Darrynton Evans,RB,1,0,2,3.8,3.8,2.8,148,2021
Blaine Gabbert,QB,6,0,2,2,2,2,68,2021
Tyron Johnson,WR,10,0,2,3.6,3.6,2.6,210,2021
Marcus Kemp,WR,16,0,2,4.4,4.4,3.4,204,2021
Keith Kirkwood,WR,3,0,2,4.7,4.7,3.2,208,2021
Patrick Laird,RB,6,0,2,5.1,5.1,3.6,144,2021
Raheem Mostert,RB,1,1,2,2,2,2,147,2021
Dazz Newsome,WR,3,1,2,4.3,4.3,3.3,205,2021
Scottie Phillips,RB,3,0,2,4.2,4.2,3.2,143,2021
Adam Prentice,RB,7,3,2,5.1,5.1,3.6,145,2021
Trey Ragas,RB,1,0,2,3.5,3.5,2.5,151,2021
Jaylen Samuels,RB,3,0,2,5.3,5.3,3.8,142,2021
David Sills,WR,4,1,2,3.7,3.7,2.7,209,2021
Jack Stoll,TE,16,5,2,6.2,6.2,4.2,102,2021
Chris Streveler,QB,2,0,2,2,2,2,66,2021
Tylan Wallace,WR,17,1,2,4.3,4.3,3.3,206,2021
Derek Watt,RB,17,4,2,4.6,4.6,3.1,150,2021
Mitchell Wilcox,TE,15,1,2,4.6,4.6,3.1,104,2021
Cam Akers,RB,1,0,1,4.3,4.3,2.8,153,2021
Tarik Black,WR,1,0,1,2,2,1.5,217,2021
David Blough,QB,1,0,1,0.6,0.6,0.6,72,2021
Miles Boykin,WR,8,0,1,1.6,1.6,1.1,221,2021
Gary Brightwell,RB,13,0,1,2,2,1.5,158,2021
Derek Carrier,TE,5,1,1,3.3,3.3,2.3,105,2021
Keke Coutee,WR,2,0,1,1.5,1.5,1,222,2021
Damarea Crockett,RB,12,0,1,0.7,0.7,0.7,160,2021
Frank Darby,WR,10,0,1,2.4,2.4,1.9,211,2021
Sam Ehlinger,QB,3,0,1,0.9,0.9,0.9,70,2021
Ryan Fitzpatrick,QB,1,1,1,0.7,0.7,0.7,71,2021
Jake Funk,RB,10,0,1,0.5,0.5,0.5,161,2021
Marvin Hall,WR,2,0,1,2,2,1.5,218,2021
Demetrius Harris,TE,14,4,1,4,4,2.5,108,2021
Brycen Hopkins,TE,5,0,1,1.9,1.9,1.4,109,2021
Buddy Howell,RB,10,0,1,1.1,1.1,1.1,156,2021
Andy Isabella,WR,8,0,1,2.3,2.3,1.8,214,2021
John Kelly,RB,4,0,1,1.3,1.3,1.3,154,2021
Tommylee Lewis,WR,2,0,1,1.7,1.7,1.2,220,2021
Hunter Long,TE,7,2,1,1.8,1.8,1.3,111,2021
Anthony McFarland Jr.,RB,2,0,1,2.4,2.4,1.9,152,2021
Kirk Merritt,WR,2,0,1,2.3,2.3,1.8,215,2021
Jaydon Mickens,WR,11,0,1,3,3,2,219,2021
Stanley Morgan Jr.,WR,17,1,1,3.4,3.4,2.4,212,2021
Johnny Mundt,TE,6,0,1,1.9,1.9,1.4,110,2021
Ryan Nall,RB,9,0,1,1.8,1.8,1.3,159,2021
Jacques Patrick,RB,2,0,1,1.2,1.2,1.2,155,2021
Kevin Rader,TE,6,1,1,2.8,2.8,1.8,112,2021
Richard Rodgers,TE,3,0,1,3.1,3.1,2.1,107,2021
Mekhi Sargent,RB,7,0,1,1.1,1.1,1.1,157,2021
C.J. Saunders,WR,2,0,1,3.1,3.1,2.1,216,2021
Luke Stocker,TE,12,0,1,3.2,3.2,2.2,106,2021
Eric Tomlinson,TE,17,7,1,1.7,1.7,1.2,114,2021
Tyrell Williams,WR,1,1,1,3.4,3.4,2.4,213,2021
Easop Winston,WR,3,1,1,1.5,1.5,1,223,2021
Ethan Wolf,TE,2,1,1,2.8,2.8,1.8,113,2021
Josh Adams,,1,0,,,,,165,2021
Rodney Adams,,1,0,,,,,225,2021
Geronimo Allison,,3,1,,,,,226,2021
Devin Asiasi,,1,0,,,,,116,2021
Marcell Ateman,,1,0,,,,,227,2021
Tutu Atwell,,8,0,,,,,228,2021
Alex Bachman,WR,3,0,,-0.3,-0.3,-0.3,257,2021
Jake Bargas,,1,0,,,,,166,2021
Kenjon Barner,RB,3,0,,,,,167,2021
Andrew Beck,,12,0,,,,,117,2021
Nick Bellore,RB,17,0,,1.4,1.4,0.9,162,2021
Kurt Benkert,QB,1,0,,-0.1,-0.1,-0.1,78,2021
Rashod Berry,,5,0,,,,,118,2021
Nick Boyle,TE,5,3,,1.2,1.2,0.7,115,2021
Darius Bradwell,,2,0,,,,,168,2021
John Brown,,4,0,,,,,229,2021
John Brown,,0,0,,,,,229,2021
Deante Burton,,1,0,,,,,230,2021
Lawrence Cager,,1,0,,,,,231,2021
Stephen Carlson,,2,0,,,,,119,2021
Dan Chisena,,11,0,,,,,232,2021
Tyrie Cleveland,,7,0,,,,,233,2021
Matt Cole,,1,0,,,,,234,2021
Nathan Cottrell,RB,4,0,,0.3,0.3,0.3,164,2021
Isaiah Coulter,,3,0,,,,,235,2021
River Cracraft,,6,0,,,,,236,2021
Chase Daniel,QB,1,0,,-0.2,-0.2,-0.2,79,2021
Darrell Daniels,TE,15,4,,1,1,0.5,120,2021
Connor Davis,,1,0,,,,,121,2021
Brandon Dillon,,1,0,,,,,122,2021
Jeff Driskel,,1,0,,,,,75,2021
Trey Edmunds,,2,0,,,,,169,2021
Ben Ellefson,,5,0,,,,,123,2021
Simi Fehoko,,5,0,,,,,237,2021
Maurice Ffrench,WR,3,0,,0.3,0.3,0.3,224,2021
Daurice Fountain,,2,0,,,,,238,2021
Travis Fulgham,,1,0,,,,,239,2021
Antonio Gandy-Golden,,4,0,,,,,240,2021
Cullen Gillaspia,,15,0,,,,,170,2021
Justin Hardee,,16,0,,,,,241,2021
Clark Harris,,17,0,,,,,124,2021
De'Michael Harris,,3,0,,,,,242,2021
Jacob Harris,,9,0,,,,,125,2021
Daniel Helm,TE,9,1,,0.9,0.9,0.4,144,2021
Temarrick Hemingway,,2,1,,,,,126,2021
John Hightower,,1,0,,,,,244,2021
Brian Hill,,3,0,,,,,171,2021
Kevin Hogan,,1,0,,,,,76,2021
J.P. Holtz,,13,0,,,,,127,2021
Tanner Hudson,,2,0,,,,,128,2021
Ryan Izzo,,1,0,,,,,129,2021
Kerryon Johnson,,1,0,,,,,172,2021
KeeSean Johnson,,0,0,,,,,262,2021
Taiwan Jones,,17,0,,,,,173,2021
Matt LaCosse,,1,0,,,,,130,2021
Tyler Mabry,,6,0,,,,,131,2021
Jordan Matthews,,1,0,,,,,245,2021
Nate McCrary,RB,1,0,,-0.1,-0.1,-0.1,177,2021
Codey McElroy,,2,0,,,,,246,2021
Kellen Mond,QB,1,0,,0.2,0.2,0.2,73,2021
David Moore,,3,0,,,,,247,2021
Jojo Natson,,3,0,,,,,248,2021
Matthew Orzech,,17,0,,,,,132,2021
Devine Ozigbo,RB,3,0,,1.4,1.4,0.9,163,2021
Nathan Peterman,QB,1,0,,0.2,0.2,0.2,74,2021
Artavis Pierce,,1,0,,,,,174,2021
Giovanni Ricci,,16,1,,,,,133,2021
Brett Rypien,QB,1,0,,,,,77,2021
Jordan Scarlett,,1,0,,,,,175,2021
Mason Schreck,,1,0,,,,,134,2021
Steven Sims,,1,0,,,,,249,2021
Matthew Slater*,,17,0,,,,,250,2021
Devin Smith,,4,0,,,,,251,2021
Vyncint Smith,,2,0,,,,,252,2021
Nate Solder,,16,16,,,,,135,2021
Stephen Sullivan,,3,0,,,,,136,2021
Tyrone Swoopes,,1,0,,,,,137,2021
Colin Thompson,,11,2,,,,,138,2021
Cody Thompson,,5,0,,,,,253,2021
Noah Togiai,,1,0,,,,,139,2021
Ross Travis,,4,1,,,,,140,2021
Jordan Veasy,,2,0,,,,,254,2021
Kahale Warring,,2,0,,,,,141,2021
Justin Watson,,1,0,,,,,255,2021
Davis Webb,QB,1,0,,-0.3,-0.3,-0.3,80,2021
Nsimba Webster,,6,0,,,,,256,2021
David Wells,,3,1,,,,,142,2021
Jordan Wilkins,,5,0,,,,,176,2021
Deon Yelder,TE,5,0,,1,1,0.5,143,2021
Khari Blasingame,RB,11,3,-1,1,2,,178,2021
Jacob Eason,QB,1,0,-1,-1,,,82,2021
Feleipe Franks,QB,9,0,-1,-1.4,-0.4,-0.4,83,2021
Racey McMath,WR,9,0,-1,0.8,1.8,-0.2,259,2021
Malik Taylor,WR,10,0,-1,1.4,2.4,0.4,258,2021
Logan Woodside,QB,5,0,-1,-0.6,-0.6,-0.6,81,2021
Travis Benjamin,,10,0,-2,-2,-1,-2,260,2021
Trenton Cannon,RB,12,0,-2,-1.6,-0.6,-1.6,179,2021
John Wolford,QB,3,0,-2,-1.9,-0.9,-0.9,84,2021
Josh Rosen,QB,4,0,-3,-3.2,-1.2,-1.2,85,2021
Diontae Spencer,WR,15,0,-4,-3.3,-1.3,-3.8,261,2021
